Entity,Code,Year,Market capitalization of listed domestic companies (% of GDP)
Algeria,DZA,1999,0.56873894
Algeria,DZA,2000,0.5207044
Algeria,DZA,2001,0.31837165
Algeria,DZA,2002,0.22409031
Algeria,DZA,2003,0.1941619
Algeria,DZA,2004,0.15132917
Algeria,DZA,2005,0.13239856
Algeria,DZA,2006,0.07661169
Algeria,DZA,2007,0.067842126
Algeria,DZA,2008,0.0506223
Algeria,DZA,2009,0.05991194
Algeria,DZA,2010,0.059292085
Algeria,DZA,2011,0.09013716
Algeria,DZA,2012,0.073440574
Algeria,DZA,2013,0.07698423
Algeria,DZA,2014,0.07043064
Algeria,DZA,2015,0.076813035
Algeria,DZA,2016,0.22912748
Algeria,DZA,2017,0.18598184
Algeria,DZA,2018,0.19090725
Argentina,ARG,1977,1.4661595
Argentina,ARG,1978,2.0161831
Argentina,ARG,1979,6.2378554
Argentina,ARG,1980,5.138775
Argentina,ARG,1981,1.7746391
Argentina,ARG,1982,1.15399
Argentina,ARG,1983,1.333239
Argentina,ARG,1984,1.0013252
Argentina,ARG,1985,2.309483
Argentina,ARG,1986,1.5026866
Argentina,ARG,1987,1.3032979
Argentina,ARG,1988,2.0116127
Argentina,ARG,1989,4.1731453
Argentina,ARG,1990,2.557646
Argentina,ARG,1991,9.824848
Argentina,ARG,1992,8.140217
Argentina,ARG,1993,18.609018
Argentina,ARG,1994,14.320696
Argentina,ARG,1995,14.643074
Argentina,ARG,1996,16.42197
Argentina,ARG,1997,20.23221
Argentina,ARG,1998,15.164096
Argentina,ARG,1999,19.697725
Argentina,ARG,2000,16.129042
Argentina,ARG,2001,12.424416
Argentina,ARG,2002,16.95694
Argentina,ARG,2003,27.428051
Argentina,ARG,2004,24.653456
Argentina,ARG,2005,23.94636
Argentina,ARG,2006,22.033339
Argentina,ARG,2007,19.848385
Argentina,ARG,2008,11.021843
Argentina,ARG,2009,13.738187
Argentina,ARG,2010,15.08632
Argentina,ARG,2011,8.220149
Argentina,ARG,2012,6.2739663
Argentina,ARG,2013,9.619995
Argentina,ARG,2014,11.426904
Argentina,ARG,2015,9.438369
Argentina,ARG,2016,11.407611
Argentina,ARG,2017,16.89485
Argentina,ARG,2018,8.762254
Argentina,ARG,2019,8.798018
Argentina,ARG,2020,8.360652
Argentina,ARG,2021,8.580816
Argentina,ARG,2022,8.367361
Armenia,ARM,2018,0.3837713
Armenia,ARM,2019,0.40354526
Armenia,ARM,2020,0.21318337
Armenia,ARM,2021,0.21269684
Armenia,ARM,2022,1.2948468
Australia,AUS,1979,28.86953
Australia,AUS,1980,39.782257
Australia,AUS,1981,30.741135
Australia,AUS,1982,21.400446
Australia,AUS,1983,30.482815
Australia,AUS,1984,25.805183
Australia,AUS,1985,32.88255
Australia,AUS,1986,65.37661
Australia,AUS,1987,81.45362
Australia,AUS,1988,58.283863
Australia,AUS,1989,46.803875
Australia,AUS,1990,34.65855
Australia,AUS,1991,44.427475
Australia,AUS,1992,41.518482
Australia,AUS,1993,65.50482
Australia,AUS,1994,67.800705
Australia,AUS,1995,66.60537
Australia,AUS,1996,77.85814
Australia,AUS,1997,67.89179
Australia,AUS,1998,82.29911
Australia,AUS,1999,109.799286
Australia,AUS,2000,89.57789
Australia,AUS,2001,98.815025
Australia,AUS,2002,96.03281
Australia,AUS,2003,125.182976
Australia,AUS,2004,126.314186
Australia,AUS,2005,115.570366
Australia,AUS,2006,146.42334
Australia,AUS,2007,151.84839
Australia,AUS,2008,64.75367
Australia,AUS,2009,135.87003
Australia,AUS,2010,126.60534
Australia,AUS,2011,85.66984
Australia,AUS,2012,89.618416
Australia,AUS,2013,86.61073
Australia,AUS,2014,87.770805
Australia,AUS,2015,87.84775
Australia,AUS,2016,105.10894
Australia,AUS,2017,113.79621
Australia,AUS,2018,88.44322
Australia,AUS,2019,106.812164
Australia,AUS,2020,129.51958
Australia,AUS,2021,121.24092
Australia,AUS,2022,99.30885
Austria,AUT,1975,3.2579825
Austria,AUT,1976,3.5054455
Austria,AUT,1977,2.9018853
Austria,AUT,1978,28.231133
Austria,AUT,1979,2.824637
Austria,AUT,1980,2.3930387
Austria,AUT,1981,2.2381566
Austria,AUT,1982,2.1264262
Austria,AUT,1983,2.127201
Austria,AUT,1984,2.1939025
Austria,AUT,1985,6.6578317
Austria,AUT,1986,6.74758
Austria,AUT,1987,6.4186172
Austria,AUT,1988,7.551978
Austria,AUT,1989,18.299696
Austria,AUT,1990,15.873308
Austria,AUT,1991,13.997699
Austria,AUT,1992,10.163805
Austria,AUT,1993,13.836198
Austria,AUT,1994,14.215276
Austria,AUT,1995,12.752221
Austria,AUT,1996,13.525853
Austria,AUT,1997,17.390526
Austria,AUT,1998,1.1978638
Austria,AUT,1999,15.258605
Austria,AUT,2000,15.258934
Austria,AUT,2001,12.828129
Austria,AUT,2002,15.776437
Austria,AUT,2003,21.674395
Austria,AUT,2004,29.335968
Austria,AUT,2005,40.21358
Austria,AUT,2006,57.731915
Austria,AUT,2007,61.135662
Austria,AUT,2008,17.773203
Austria,AUT,2009,28.569721
Austria,AUT,2010,32.330162
Austria,AUT,2011,19.878443
Austria,AUT,2012,26.069244
Austria,AUT,2013,27.584806
Austria,AUT,2014,22.070232
Austria,AUT,2015,25.314285
Austria,AUT,2016,30.729137
Austria,AUT,2017,36.3067
Austria,AUT,2018,25.807903
Austria,AUT,2019,30.045855
Austria,AUT,2020,30.406073
Austria,AUT,2021,33.902195
Austria,AUT,2022,26.082
Azerbaijan,AZE,1998,0.0683704
Azerbaijan,AZE,1999,0.07028651
Azerbaijan,AZE,2019,4.5125365
Azerbaijan,AZE,2020,3.3597312
Azerbaijan,AZE,2021,2.9098551
Azerbaijan,AZE,2022,1.8627422
Bahrain,BHR,1996,67.906845
Bahrain,BHR,1997,108.501976
Bahrain,BHR,1998,96.27268
Bahrain,BHR,1999,95.09025
Bahrain,BHR,2000,73.093056
Bahrain,BHR,2001,73.52223
Bahrain,BHR,2002,78.011696
Bahrain,BHR,2003,86.92507
Bahrain,BHR,2004,102.97099
Bahrain,BHR,2005,108.74269
Bahrain,BHR,2006,114.145706
Bahrain,BHR,2007,124.65877
Bahrain,BHR,2008,77.58323
Bahrain,BHR,2009,70.89753
Bahrain,BHR,2010,74.83303
Bahrain,BHR,2011,55.457554
Bahrain,BHR,2014,63.462543
Bahrain,BHR,2015,59.19163
Bahrain,BHR,2016,57.23589
Bahrain,BHR,2017,58.342396
Bahrain,BHR,2018,55.253643
Bahrain,BHR,2019,66.46329
Bahrain,BHR,2020,68.6655
Bahrain,BHR,2021,70.24498
Bahrain,BHR,2022,64.82873
Bangladesh,BGD,1993,1.3993027
Bangladesh,BGD,1994,3.020256
Bangladesh,BGD,1995,5.0770497
Bangladesh,BGD,1996,15.895244
Bangladesh,BGD,1997,5.7422523
Bangladesh,BGD,1998,4.0603337
Bangladesh,BGD,1999,3.0457823
Bangladesh,BGD,2000,4.10753
Bangladesh,BGD,2001,1.8119589
Bangladesh,BGD,2002,27.212992
Bangladesh,BGD,2005,4.7492805
Bangladesh,BGD,2006,5.3628674
Bangladesh,BGD,2007,10.969199
Bangladesh,BGD,2008,12.790762
Bangladesh,BGD,2009,20.423418
Bangladesh,BGD,2010,36.10208
Bangladesh,BGD,2011,37.089233
Bangladesh,BGD,2013,34.105938
Bangladesh,BGD,2014,39.597
Bangladesh,BGD,2015,33.55675
Bangladesh,BGD,2016,26.550873
Bangladesh,BGD,2017,29.3392
Bangladesh,BGD,2018,24.08198
Bangladesh,BGD,2019,18.340178
Bangladesh,BGD,2020,24.004972
Bangladesh,BGD,2021,26.122547
Bangladesh,BGD,2022,9.322294
Barbados,BRB,1993,15.843228
Barbados,BRB,1994,23.943163
Barbados,BRB,1995,22.17527
Barbados,BRB,1996,32.39657
Barbados,BRB,1997,45.429363
Barbados,BRB,1998,62.244873
Barbados,BRB,1999,68.97502
Barbados,BRB,2000,55.77807
Barbados,BRB,2001,60.150597
Barbados,BRB,2010,42.12041
Barbados,BRB,2011,85.499115
Barbados,BRB,2013,74.33953
Barbados,BRB,2014,50.01121
Barbados,BRB,2015,55.768867
Barbados,BRB,2016,58.08776
Barbados,BRB,2017,60.734333
Barbados,BRB,2018,62.90644
Barbados,BRB,2019,58.70475
Barbados,BRB,2020,53.797306
Belarus,BLR,2014,0.7293358
Belarus,BLR,2015,0.9459057
Belarus,BLR,2016,2.5956788
Belarus,BLR,2021,4.062793
Belarus,BLR,2022,3.3840785
Belgium,BEL,1975,13.703332
Belgium,BEL,1976,13.218305
Belgium,BEL,1977,12.423155
Belgium,BEL,1978,12.353174
Belgium,BEL,1979,11.807872
Belgium,BEL,1980,7.9107027
Belgium,BEL,1981,7.991195
Belgium,BEL,1982,9.30027
Belgium,BEL,1983,12.363484
Belgium,BEL,1984,14.8075695
Belgium,BEL,1985,24.19352
Belgium,BEL,1986,31.109146
Belgium,BEL,1987,27.877945
Belgium,BEL,1988,36.22081
Belgium,BEL,1989,45.594677
Belgium,BEL,1990,31.874804
Belgium,BEL,1991,33.781418
Belgium,BEL,1992,27.30405
Belgium,BEL,1993,34.698784
Belgium,BEL,1994,34.35297
Belgium,BEL,1995,35.212944
Belgium,BEL,1996,42.55063
Belgium,BEL,1997,54.18675
Belgium,BEL,1998,94.39499
Belgium,BEL,1999,71.30244
Belgium,BEL,2000,77.063484
Belgium,BEL,2001,70.05098
Belgium,BEL,2002,49.367126
Belgium,BEL,2003,54.562134
Belgium,BEL,2004,74.00773
Belgium,BEL,2005,74.79129
Belgium,BEL,2006,97.038185
Belgium,BEL,2007,81.8719
Belgium,BEL,2008,32.32346
Belgium,BEL,2009,53.55893
Belgium,BEL,2010,55.803688
Belgium,BEL,2011,43.49816
Belgium,BEL,2012,60.094
Belgium,BEL,2013,71.42296
Belgium,BEL,2014,70.3596
Belgium,BEL,2015,89.91673
Belgium,BEL,2016,79.7316
Belgium,BEL,2017,87.39985
Belgium,BEL,2018,59.1726
Bermuda,BMU,2000,61.662785
Bermuda,BMU,2001,69.50175
Bermuda,BMU,2002,54.683144
Bermuda,BMU,2003,69.28658
Bermuda,BMU,2004,41.23885
Bermuda,BMU,2005,43.646687
Bermuda,BMU,2006,44.002766
Bermuda,BMU,2007,40.35924
Bermuda,BMU,2008,27.397278
Bermuda,BMU,2009,20.435547
Bermuda,BMU,2010,23.13579
Bermuda,BMU,2011,19.521627
Bermuda,BMU,2012,23.312263
Bermuda,BMU,2013,22.688763
Bermuda,BMU,2014,24.968554
Bermuda,BMU,2015,27.800566
Bermuda,BMU,2016,36.545815
Bermuda,BMU,2017,38.065945
Bermuda,BMU,2018,33.119396
Bermuda,BMU,2019,39.944958
Bermuda,BMU,2020,3.200164
Bermuda,BMU,2021,3.362333
Bermuda,BMU,2022,2.6443603
Botswana,BWA,1993,5.495022
Botswana,BWA,1994,6.228782
Botswana,BWA,1995,8.404432
Botswana,BWA,1996,6.7738543
Botswana,BWA,1997,12.2142935
Botswana,BWA,1998,15.112469
Botswana,BWA,1999,19.181791
Botswana,BWA,2000,16.889328
Botswana,BWA,2018,23.68573
Botswana,BWA,2019,21.29128
Botswana,BWA,2020,22.029785
Botswana,BWA,2021,16.846935
Botswana,BWA,2022,152.66727
Brazil,BRA,2000,34.50346
Brazil,BRA,2001,33.257687
Brazil,BRA,2002,24.865183
Brazil,BRA,2003,42.01825
Brazil,BRA,2004,49.357807
Brazil,BRA,2005,53.233387
Brazil,BRA,2006,64.12337
Brazil,BRA,2007,98.03858
Brazil,BRA,2008,34.906612
Brazil,BRA,2009,80.21899
Brazil,BRA,2010,69.97189
Brazil,BRA,2011,46.97488
Brazil,BRA,2012,49.79041
Brazil,BRA,2013,41.266876
Brazil,BRA,2014,34.3599
Brazil,BRA,2015,27.218443
Brazil,BRA,2016,42.24323
Brazil,BRA,2017,46.26645
Brazil,BRA,2018,47.82765
Brazil,BRA,2019,63.383823
Brazil,BRA,2020,66.95817
Brazil,BRA,2021,48.83596
Brazil,BRA,2022,40.699223
Bulgaria,BGR,1993,0.1107822
Bulgaria,BGR,1994,0.49807078
Bulgaria,BGR,1995,0.3061372
Bulgaria,BGR,1996,0.0455471
Bulgaria,BGR,1998,0.96014553
Bulgaria,BGR,1999,0.7520918
Bulgaria,BGR,2000,0.97455907
Bulgaria,BGR,2001,0.57954884
Bulgaria,BGR,2002,4.3994274
Bulgaria,BGR,2003,8.300419
Bulgaria,BGR,2004,10.719388
Bulgaria,BGR,2005,17.026611
Bulgaria,BGR,2006,30.031439
Bulgaria,BGR,2007,48.765
Bulgaria,BGR,2008,16.300125
Bulgaria,BGR,2009,16.633099
Bulgaria,BGR,2010,14.53157
Bulgaria,BGR,2011,14.29455
Bulgaria,BGR,2018,23.61236
Bulgaria,BGR,2019,23.312922
Bulgaria,BGR,2020,25.044254
Bulgaria,BGR,2021,20.16686
Bulgaria,BGR,2022,17.32579
Canada,CAN,1977,81.922386
Canada,CAN,1978,81.91221
Canada,CAN,1979,97.971695
Canada,CAN,1980,103.97788
Canada,CAN,1982,65.81737
Canada,CAN,1983,75.36111
Canada,CAN,1984,69.13923
Canada,CAN,1985,79.98125
Canada,CAN,1986,88.88908
Canada,CAN,1987,93.64323
Canada,CAN,1988,87.71573
Canada,CAN,1989,95.80132
Canada,CAN,1990,76.94974
Canada,CAN,1991,83.0384
Canada,CAN,1992,77.0457
Canada,CAN,1993,102.843056
Canada,CAN,1994,99.270966
Canada,CAN,1995,110.85577
Canada,CAN,1996,139.51578
Canada,CAN,1997,154.27899
Canada,CAN,1998,170.65106
Canada,CAN,1999,213.48055
Canada,CAN,2000,103.500145
Canada,CAN,2001,83.258606
Canada,CAN,2002,116.83146
Canada,CAN,2003,101.64034
Canada,CAN,2004,114.690674
Canada,CAN,2005,126.34675
Canada,CAN,2006,128.91331
Canada,CAN,2007,148.86436
Canada,CAN,2008,66.55883
Canada,CAN,2009,122.028305
Canada,CAN,2010,134.24452
Canada,CAN,2011,106.66612
Canada,CAN,2012,112.667435
Canada,CAN,2013,114.471176
Canada,CAN,2014,116.04158
Canada,CAN,2015,102.37008
Canada,CAN,2016,130.4666
Canada,CAN,2017,143.52205
Canada,CAN,2018,112.320755
Canada,CAN,2019,138.15816
Canada,CAN,2020,159.5385
Canada,CAN,2021,162.59938
Canada,CAN,2022,126.983154
Cayman Islands,CYM,2006,3.7616465
Cayman Islands,CYM,2007,3.6943512
Cayman Islands,CYM,2008,3.4671123
Cayman Islands,CYM,2009,3.947017
Cayman Islands,CYM,2010,5.7255015
Cayman Islands,CYM,2011,54.368378
Cayman Islands,CYM,2012,46.756184
Cayman Islands,CYM,2015,6.7038827
Cayman Islands,CYM,2018,7.917466
Cayman Islands,CYM,2019,6.3792763
Cayman Islands,CYM,2020,11.393089
Channel Islands,OWID_CIS,1998,2.6767344
Channel Islands,OWID_CIS,1999,3.9497085
Channel Islands,OWID_CIS,2000,3.961052
Channel Islands,OWID_CIS,2001,7.285526
Channel Islands,OWID_CIS,2002,3.9893937
Channel Islands,OWID_CIS,2003,3.1006875
Channel Islands,OWID_CIS,2004,2.1546373
Channel Islands,OWID_CIS,2005,6.0872707
Channel Islands,OWID_CIS,2006,15.292616
Chile,CHL,1991,74.349365
Chile,CHL,1992,70.20038
Chile,CHL,1993,90.96325
Chile,CHL,1994,119.38951
Chile,CHL,1995,99.29592
Chile,CHL,1996,83.949936
Chile,CHL,1997,84.02728
Chile,CHL,1998,63.259132
Chile,CHL,1999,90.27349
Chile,CHL,2000,77.10105
Chile,CHL,2001,78.672615
Chile,CHL,2002,70.91393
Chile,CHL,2003,113.11674
Chile,CHL,2004,118.01474
Chile,CHL,2005,111.6107
Chile,CHL,2006,113.374146
Chile,CHL,2007,123.43261
Chile,CHL,2008,73.26955
Chile,CHL,2009,134.32018
Chile,CHL,2010,157.47385
Chile,CHL,2011,107.52101
Chile,CHL,2012,117.33939
Chile,CHL,2013,95.58574
Chile,CHL,2014,89.861534
Chile,CHL,2015,78.51174
Chile,CHL,2016,85.215225
Chile,CHL,2017,106.70693
Chile,CHL,2018,85.48799
Chile,CHL,2019,146.46251
Chile,CHL,2020,145.29039
Chile,CHL,2021,82.25496
Chile,CHL,2022,94.41122
China,CHN,2003,30.897114
China,CHN,2004,22.89723
China,CHN,2005,17.579138
China,CHN,2006,41.62084
China,CHN,2007,126.1536
China,CHN,2008,38.716885
China,CHN,2009,70.03859
China,CHN,2010,66.169106
China,CHN,2011,45.18424
China,CHN,2012,43.334454
China,CHN,2013,41.263836
China,CHN,2014,57.323048
China,CHN,2015,74.0222
China,CHN,2016,65.16989
China,CHN,2017,70.762955
China,CHN,2018,45.51941
China,CHN,2019,60.010723
China,CHN,2020,83.585106
China,CHN,2021,81.01613
China,CHN,2022,64.13984
Colombia,COL,2005,34.684498
Colombia,COL,2006,34.738422
Colombia,COL,2007,49.43809
Colombia,COL,2008,36.17101
Colombia,COL,2009,60.446823
Colombia,COL,2010,72.77585
Colombia,COL,2011,60.09429
Colombia,COL,2012,70.7061
Colombia,COL,2013,53.04805
Colombia,COL,2014,38.491592
Colombia,COL,2015,29.287115
Colombia,COL,2016,36.721344
Colombia,COL,2017,38.95163
Colombia,COL,2018,31.073889
Colombia,COL,2019,40.87533
Colombia,COL,2020,39.325264
Colombia,COL,2021,28.425268
Colombia,COL,2022,19.810764
Costa Rica,CRI,1993,3.7324293
Costa Rica,CRI,1995,5.3275895
Costa Rica,CRI,1996,6.701332
Costa Rica,CRI,1997,6.520142
Costa Rica,CRI,1998,9.560549
Costa Rica,CRI,1999,16.193417
Costa Rica,CRI,2003,3.013532
Costa Rica,CRI,2004,8.373187
Costa Rica,CRI,2005,7.5358863
Costa Rica,CRI,2006,8.275436
Costa Rica,CRI,2007,8.115471
Costa Rica,CRI,2008,6.185786
Costa Rica,CRI,2009,4.7762103
Costa Rica,CRI,2010,3.8368907
Costa Rica,CRI,2011,3.5040421
Costa Rica,CRI,2013,3.8272476
Costa Rica,CRI,2014,4.904914
Costa Rica,CRI,2015,4.1698084
Costa Rica,CRI,2016,4.95828
Costa Rica,CRI,2017,4.9751434
Costa Rica,CRI,2018,3.8467057
Costa Rica,CRI,2019,3.4421456
Costa Rica,CRI,2020,3.0471375
Costa Rica,CRI,2021,3.1419907
Costa Rica,CRI,2022,3.223488
Cote d'Ivoire,CIV,1993,3.008394
Cote d'Ivoire,CIV,1994,0.23491748
Cote d'Ivoire,CIV,1995,0.56808335
Cote d'Ivoire,CIV,1996,0.34358627
Cote d'Ivoire,CIV,1998,9.303171
Cote d'Ivoire,CIV,1999,6.8540115
Cote d'Ivoire,CIV,2000,2.6320562
Cote d'Ivoire,CIV,2001,5.85484
Cote d'Ivoire,CIV,2002,7.2819433
Cote d'Ivoire,CIV,2003,7.7645826
Cote d'Ivoire,CIV,2004,8.858397
Cote d'Ivoire,CIV,2005,9.703448
Cote d'Ivoire,CIV,2006,16.436028
Cote d'Ivoire,CIV,2007,28.877413
Cote d'Ivoire,CIV,2008,20.79858
Cote d'Ivoire,CIV,2009,18.0729
Cote d'Ivoire,CIV,2010,20.489058
Cote d'Ivoire,CIV,2011,17.13536
Cote d'Ivoire,CIV,2013,27.639814
Cote d'Ivoire,CIV,2014,23.975592
Cote d'Ivoire,CIV,2015,27.268425
Cote d'Ivoire,CIV,2016,25.540655
Cote d'Ivoire,CIV,2017,23.776695
Cote d'Ivoire,CIV,2018,14.444557
Cote d'Ivoire,CIV,2019,13.41461
Cote d'Ivoire,CIV,2020,11.631985
Croatia,HRV,1994,3.411691
Croatia,HRV,1995,3.91777
Croatia,HRV,1996,12.34596
Croatia,HRV,1997,17.508856
Croatia,HRV,1998,11.311526
Croatia,HRV,1999,10.551572
Croatia,HRV,2000,12.399878
Croatia,HRV,2001,13.558398
Croatia,HRV,2002,30.308147
Croatia,HRV,2003,17.380266
Croatia,HRV,2004,26.1941
Croatia,HRV,2005,28.698723
Croatia,HRV,2006,58.490654
Croatia,HRV,2007,118.42328
Croatia,HRV,2008,39.612976
Croatia,HRV,2009,42.712273
Croatia,HRV,2010,43.3967
Croatia,HRV,2011,35.861748
Croatia,HRV,2013,35.896202
Croatia,HRV,2014,33.612076
Croatia,HRV,2015,36.103123
Croatia,HRV,2016,38.326588
Croatia,HRV,2017,40.516716
Croatia,HRV,2018,33.4584
Croatia,HRV,2019,36.536755
Croatia,HRV,2020,38.35179
Croatia,HRV,2021,30.408075
Croatia,HRV,2022,27.157108
Cyprus,CYP,2006,80.49727
Cyprus,CYP,2007,71.974205
Cyprus,CYP,2008,28.68749
Cyprus,CYP,2009,39.4226
Cyprus,CYP,2010,26.489597
Cyprus,CYP,2011,10.3225765
Cyprus,CYP,2012,7.967881
Cyprus,CYP,2013,8.784454
Cyprus,CYP,2014,17.355612
Cyprus,CYP,2015,13.523343
Cyprus,CYP,2016,11.932328
Cyprus,CYP,2017,12.299846
Cyprus,CYP,2018,12.865923
Cyprus,CYP,2019,16.356546
Cyprus,CYP,2020,18.36487
Cyprus,CYP,2021,18.608644
Cyprus,CYP,2022,21.089304
Czechia,CZE,1993,4.2297955
Czechia,CZE,1994,12.625632
Czechia,CZE,1995,15.164783
Czechia,CZE,1996,21.013624
Czechia,CZE,1997,17.296371
Czechia,CZE,1998,15.524962
Czechia,CZE,1999,16.13582
Czechia,CZE,2000,15.675206
Czechia,CZE,2001,11.96164
Czechia,CZE,2002,12.4157295
Czechia,CZE,2003,15.440421
Czechia,CZE,2004,22.381882
Czechia,CZE,2005,25.415522
Czechia,CZE,2006,28.400661
Czechia,CZE,2007,36.262333
Czechia,CZE,2008,17.298634
Czechia,CZE,2018,10.699551
Czechia,CZE,2019,10.246765
Czechia,CZE,2020,10.598397
Czechia,CZE,2021,12.877245
Czechia,CZE,2022,9.544718
Denmark,DNK,1975,10.143727
Denmark,DNK,1976,10.785732
Denmark,DNK,1977,9.61542
Denmark,DNK,1978,8.512106
Denmark,DNK,1979,7.372505
Denmark,DNK,1980,7.8279753
Denmark,DNK,1981,10.043224
Denmark,DNK,1982,9.229246
Denmark,DNK,1983,17.49842
Denmark,DNK,1984,12.88983
Denmark,DNK,1985,24.17253
Denmark,DNK,1986,19.785776
Denmark,DNK,1987,18.6295
Denmark,DNK,1988,23.268017
Denmark,DNK,1989,35.814426
Denmark,DNK,1990,28.261568
Denmark,DNK,1991,32.183025
Denmark,DNK,1992,21.239096
Denmark,DNK,1993,27.903728
Denmark,DNK,1994,30.126879
Denmark,DNK,1995,30.415148
Denmark,DNK,1996,37.912716
Denmark,DNK,1997,54.12842
Denmark,DNK,1998,55.900677
Denmark,DNK,1999,54.783203
Denmark,DNK,2000,68.16389
Denmark,DNK,2001,51.640392
Denmark,DNK,2002,42.927814
Denmark,DNK,2003,55.691006
Denmark,DNK,2004,60.06277
East Asia and Pacific (WB),,1978,4.4717293
East Asia and Pacific (WB),,1979,28.156155
East Asia and Pacific (WB),,1980,36.530743
East Asia and Pacific (WB),,1981,36.136177
East Asia and Pacific (WB),,1982,33.899773
East Asia and Pacific (WB),,1983,41.0213
East Asia and Pacific (WB),,1984,43.83663
East Asia and Pacific (WB),,1985,60.100513
East Asia and Pacific (WB),,1986,79.78255
East Asia and Pacific (WB),,1987,98.60621
East Asia and Pacific (WB),,1988,111.509094
East Asia and Pacific (WB),,1989,122.24015
East Asia and Pacific (WB),,1990,81.23947
East Asia and Pacific (WB),,1991,75.76251
East Asia and Pacific (WB),,1992,56.73237
East Asia and Pacific (WB),,1993,73.38204
East Asia and Pacific (WB),,1994,76.47487
East Asia and Pacific (WB),,1995,67.36923
East Asia and Pacific (WB),,1996,69.2371
East Asia and Pacific (WB),,1997,51.241898
East Asia and Pacific (WB),,1998,65.09337
East Asia and Pacific (WB),,1999,101.96137
East Asia and Pacific (WB),,2000,69.75207
East Asia and Pacific (WB),,2001,62.90375
East Asia and Pacific (WB),,2002,59.84171
East Asia and Pacific (WB),,2003,70.35199
East Asia and Pacific (WB),,2004,74.78079
East Asia and Pacific (WB),,2005,85.601814
East Asia and Pacific (WB),,2006,101.805244
East Asia and Pacific (WB),,2007,132.0571
East Asia and Pacific (WB),,2008,60.421585
East Asia and Pacific (WB),,2009,91.95471
East Asia and Pacific (WB),,2010,94.79108
East Asia and Pacific (WB),,2011,70.626945
East Asia and Pacific (WB),,2012,75.1329
East Asia and Pacific (WB),,2013,81.96927
East Asia and Pacific (WB),,2014,89.25308
East Asia and Pacific (WB),,2015,99.210335
East Asia and Pacific (WB),,2016,93.86429
East Asia and Pacific (WB),,2017,110.28763
East Asia and Pacific (WB),,2018,82.85423
East Asia and Pacific (WB),,2019,99.7958
East Asia and Pacific (WB),,2020,124.509026
East Asia and Pacific (WB),,2021,115.58849
East Asia and Pacific (WB),,2022,95.55796
Ecuador,ECU,1995,10.500602
Ecuador,ECU,1996,7.9682417
Ecuador,ECU,1997,7.1773887
Ecuador,ECU,1998,5.560738
Ecuador,ECU,1999,2.6571279
Ecuador,ECU,2000,4.2589693
Egypt,EGY,2006,87.03323
Egypt,EGY,2007,106.77408
Egypt,EGY,2008,52.806187
Egypt,EGY,2009,48.220345
Egypt,EGY,2010,38.48544
Egypt,EGY,2011,20.699919
Egypt,EGY,2012,21.20331
Egypt,EGY,2013,21.366978
Egypt,EGY,2014,22.933475
Egypt,EGY,2015,16.756973
Egypt,EGY,2016,10.023715
Egypt,EGY,2017,18.741175
Egypt,EGY,2018,15.996713
Egypt,EGY,2019,13.869717
Egypt,EGY,2020,10.773647
Egypt,EGY,2021,11.475086
Egypt,EGY,2022,8.149585
Eswatini,SWZ,1994,23.856928
Eswatini,SWZ,1995,19.944798
Eswatini,SWZ,1996,29.398996
Eswatini,SWZ,1997,7.541151
Eswatini,SWZ,1998,5.392829
Eswatini,SWZ,1999,6.1264105
Eswatini,SWZ,2000,4.2017293
Eswatini,SWZ,2001,8.239991
Eswatini,SWZ,2002,10.317536
Eswatini,SWZ,2003,7.8381014
Eswatini,SWZ,2004,8.015645
Eswatini,SWZ,2005,6.177566
Eswatini,SWZ,2006,6.0006137
Eswatini,SWZ,2007,6.7522125
Europe and Central Asia (WB),,1975,14.668485
Europe and Central Asia (WB),,1976,14.05319
Europe and Central Asia (WB),,1977,14.508377
Europe and Central Asia (WB),,1978,15.0025625
Europe and Central Asia (WB),,1979,9.364476
Europe and Central Asia (WB),,1980,8.398937
Europe and Central Asia (WB),,1981,13.011224
Europe and Central Asia (WB),,1982,13.363939
Europe and Central Asia (WB),,1983,16.548147
Europe and Central Asia (WB),,1984,20.502914
Europe and Central Asia (WB),,1985,29.778135
Europe and Central Asia (WB),,1986,33.526478
Europe and Central Asia (WB),,1987,30.943432
Europe and Central Asia (WB),,1988,32.30824
Europe and Central Asia (WB),,1989,40.87831
Europe and Central Asia (WB),,1990,31.245165
Europe and Central Asia (WB),,1991,34.469944
Europe and Central Asia (WB),,1992,29.07447
Europe and Central Asia (WB),,1993,39.409237
Europe and Central Asia (WB),,1994,40.17929
Europe and Central Asia (WB),,1995,40.512505
Europe and Central Asia (WB),,1996,48.565304
Europe and Central Asia (WB),,1997,63.149437
Europe and Central Asia (WB),,1998,61.490685
Europe and Central Asia (WB),,1999,94.26803
Europe and Central Asia (WB),,2000,95.47884
Europe and Central Asia (WB),,2001,76.2614
Europe and Central Asia (WB),,2002,58.963966
Europe and Central Asia (WB),,2003,66.74185
Europe and Central Asia (WB),,2004,68.42477
Europe and Central Asia (WB),,2005,71.72632
Europe and Central Asia (WB),,2006,88.81285
Europe and Central Asia (WB),,2007,88.60373
Europe and Central Asia (WB),,2008,41.168613
Europe and Central Asia (WB),,2009,63.508575
Europe and Central Asia (WB),,2010,62.980225
Europe and Central Asia (WB),,2011,50.5073
Europe and Central Asia (WB),,2012,60.709377
Europe and Central Asia (WB),,2013,68.52209
Europe and Central Asia (WB),,2014,60.072575
Europe and Central Asia (WB),,2015,61.824368
Europe and Central Asia (WB),,2016,62.82599
Europe and Central Asia (WB),,2017,73.5141
Europe and Central Asia (WB),,2018,53.339573
European Union (27),,1975,10.915669
European Union (27),,1976,10.5261755
European Union (27),,1977,8.750827
European Union (27),,1978,10.398022
European Union (27),,1979,8.548647
European Union (27),,1980,7.6959324
European Union (27),,1981,7.6680303
European Union (27),,1982,7.651715
European Union (27),,1983,9.909587
European Union (27),,1984,11.920057
European Union (27),,1985,19.608923
European Union (27),,1986,23.942106
European Union (27),,1987,19.223787
European Union (27),,1988,22.254112
European Union (27),,1989,30.32269
European Union (27),,1990,21.718454
European Union (27),,1991,23.662373
European Union (27),,1992,18.778788
European Union (27),,1993,26.02548
European Union (27),,1994,28.114035
European Union (27),,1995,28.066097
European Union (27),,1996,33.774727
European Union (27),,1997,44.70333
European Union (27),,1998,41.07633
European Union (27),,1999,74.38976
European Union (27),,2000,78.27227
European Union (27),,2001,62.20198
European Union (27),,2002,45.79787
European Union (27),,2003,53.55352
European Union (27),,2004,55.28535
European Union (27),,2005,57.301872
European Union (27),,2006,73.63618
European Union (27),,2007,77.11039
European Union (27),,2008,34.368946
European Union (27),,2009,50.93788
European Union (27),,2010,50.45912
European Union (27),,2011,39.00209
European Union (27),,2012,48.69569
European Union (27),,2013,57.688957
European Union (27),,2014,50.97964
European Union (27),,2015,60.979572
European Union (27),,2016,60.102165
European Union (27),,2017,72.80195
European Union (27),,2018,50.03048
Finland,FIN,1982,5.2277193
Finland,FIN,1983,8.112281
Finland,FIN,1984,78.81677
Finland,FIN,1985,10.481934
Finland,FIN,1986,15.904875
Finland,FIN,1987,21.826136
Finland,FIN,1988,28.01674
Finland,FIN,1989,25.875326
Finland,FIN,1990,16.063572
Finland,FIN,1991,11.111125
Finland,FIN,1992,10.622028
Finland,FIN,1993,26.398893
Finland,FIN,1994,37.05127
Finland,FIN,1995,21.571186
Finland,FIN,1996,31.483566
Finland,FIN,1997,39.92782
Finland,FIN,1998,72.18273
Finland,FIN,1999,30.172956
Finland,FIN,2000,26.313148
Finland,FIN,2001,15.743963
Finland,FIN,2002,10.884408
Finland,FIN,2003,10.933516
Finland,FIN,2004,10.3031025
France,FRA,1975,9.894018
France,FRA,1976,7.4357233
France,FRA,1977,6.866505
France,FRA,1978,9.045277
France,FRA,1979,9.084576
France,FRA,1980,7.863759
France,FRA,1981,6.2587724
France,FRA,1982,5.127706
France,FRA,1983,6.892427
France,FRA,1984,7.820115
France,FRA,1985,14.454129
France,FRA,1986,20.072159
France,FRA,1987,16.79531
France,FRA,1988,22.0505
France,FRA,1989,33.25882
France,FRA,1990,24.78332
France,FRA,1991,28.4515
France,FRA,1992,23.55679
France,FRA,1993,34.692326
France,FRA,1994,32.653584
France,FRA,1995,31.340115
France,FRA,1996,36.64521
France,FRA,1997,46.530174
France,FRA,1998,10.097538
France,FRA,1999,101.07847
France,FRA,2000,106.2952
France,FRA,2001,85.718254
France,FRA,2002,64.79476
France,FRA,2003,73.88853
France,FRA,2004,73.89873
France,FRA,2005,80.21879
France,FRA,2006,104.76259
France,FRA,2007,103.18261
France,FRA,2008,50.307686
France,FRA,2009,72.0789
France,FRA,2010,72.23542
France,FRA,2011,54.137135
France,FRA,2012,67.39411
France,FRA,2013,81.712425
France,FRA,2014,72.90191
France,FRA,2015,85.499756
France,FRA,2016,87.39637
France,FRA,2017,106.19755
France,FRA,2018,85.05789
Germany,DEU,1975,10.438008
Germany,DEU,1976,10.236538
Germany,DEU,1977,10.801611
Germany,DEU,1978,11.261247
Germany,DEU,1979,8.976063
Germany,DEU,1980,7.519159
Germany,DEU,1981,7.789769
Germany,DEU,1982,8.846698
Germany,DEU,1983,10.713468
Germany,DEU,1984,10.768293
Germany,DEU,1985,24.249086
Germany,DEU,1986,24.538527
Germany,DEU,1987,16.767063
Germany,DEU,1988,17.83795
Germany,DEU,1989,26.007927
Germany,DEU,1990,19.98191
Germany,DEU,1991,19.757526
Germany,DEU,1992,15.349563
Germany,DEU,1993,21.246078
Germany,DEU,1994,22.534006
Germany,DEU,1995,22.266174
Germany,DEU,1996,26.521564
Germany,DEU,1997,37.1929
Germany,DEU,1998,48.681904
Germany,DEU,1999,64.69055
Germany,DEU,2000,64.57832
Germany,DEU,2001,54.5036
Germany,DEU,2002,32.630783
Germany,DEU,2003,42.569916
Germany,DEU,2004,41.87881
Germany,DEU,2005,41.54763
Germany,DEU,2006,53.757183
Germany,DEU,2007,60.42375
Germany,DEU,2008,29.158361
Germany,DEU,2009,37.13877
Germany,DEU,2010,41.224205
Germany,DEU,2011,30.968712
Germany,DEU,2012,41.31066
Germany,DEU,2013,50.841976
Germany,DEU,2014,43.838287
Germany,DEU,2015,50.117313
Germany,DEU,2016,48.50611
Germany,DEU,2017,60.116055
Germany,DEU,2018,43.31612
Germany,DEU,2019,53.021572
Germany,DEU,2020,57.970207
Germany,DEU,2021,57.563812
Germany,DEU,2022,45.385376
Ghana,GHA,1993,2.0455952
Ghana,GHA,1994,34.874516
Ghana,GHA,1995,25.807568
Ghana,GHA,1996,23.92315
Ghana,GHA,1997,16.390615
Ghana,GHA,1998,18.537786
Ghana,GHA,1999,11.920016
Ghana,GHA,2000,10.034417
Ghana,GHA,2001,5.268235
Ghana,GHA,2002,5.6761074
Ghana,GHA,2003,8.38495
Ghana,GHA,2004,5.4045424
Ghana,GHA,2005,5.677287
Ghana,GHA,2006,3.6389687
Ghana,GHA,2007,9.671959
Ghana,GHA,2008,9.917856
Ghana,GHA,2009,9.317233
Ghana,GHA,2010,9.1549835
Ghana,GHA,2011,7.8769
Ghana,GHA,2019,14.579567
Ghana,GHA,2020,13.202485
Ghana,GHA,2021,13.187169
Ghana,GHA,2022,8.703699
Greece,GRC,2001,64.18154
Greece,GRC,2002,44.632122
Greece,GRC,2003,54.152946
Greece,GRC,2004,53.298935
Greece,GRC,2005,59.889126
Greece,GRC,2006,74.58784
Greece,GRC,2007,84.32147
Greece,GRC,2008,25.689121
Greece,GRC,2009,34.462173
Greece,GRC,2010,22.801079
Greece,GRC,2011,11.926392
Greece,GRC,2012,18.789288
Greece,GRC,2013,34.91526
Greece,GRC,2014,23.579111
Greece,GRC,2015,21.627254
Greece,GRC,2016,19.24577
Greece,GRC,2017,25.254408
Greece,GRC,2018,17.989243
Greece,GRC,2019,25.88158
Greece,GRC,2020,26.644072
Greece,GRC,2021,27.137598
Greece,GRC,2022,26.971458
High-income countries,,1975,27.648378
High-income countries,,1976,31.536102
High-income countries,,1977,26.330086
High-income countries,,1978,23.69024
High-income countries,,1979,25.656868
High-income countries,,1980,30.011194
High-income countries,,1981,27.870672
High-income countries,,1982,31.066002
High-income countries,,1983,36.995975
High-income countries,,1984,35.14996
High-income countries,,1985,47.70786
High-income countries,,1986,53.70063
High-income countries,,1987,55.5563
High-income countries,,1988,60.21909
High-income countries,,1989,69.60622
High-income countries,,1990,50.915184
High-income countries,,1991,56.65756
High-income countries,,1992,49.87415
High-income countries,,1993,61.85784
High-income countries,,1994,61.261227
High-income countries,,1995,64.83811
High-income countries,,1996,73.686676
High-income countries,,1997,84.56202
High-income countries,,1998,94.7117
High-income countries,,1999,121.23584
High-income countries,,2000,109.75743
High-income countries,,2001,95.891014
High-income countries,,2002,77.76217
High-income countries,,2003,92.37264
High-income countries,,2004,97.99628
High-income countries,,2005,103.200935
High-income countries,,2006,118.03491
High-income countries,,2007,118.24462
High-income countries,,2008,61.654297
High-income countries,,2009,88.73713
High-income countries,,2010,94.87705
High-income countries,,2011,77.41221
High-income countries,,2012,89.48821
High-income countries,,2013,107.022156
High-income countries,,2014,106.41485
High-income countries,,2015,112.01787
High-income countries,,2016,116.503914
High-income countries,,2017,134.1606
High-income countries,,2018,113.35979
High-income countries,,2019,136.60013
High-income countries,,2020,165.2302
High-income countries,,2021,163.38652
High-income countries,,2022,130.00375
Hong Kong,HKG,1975,80.61274
Hong Kong,HKG,1976,90.86423
Hong Kong,HKG,1977,66.976395
Hong Kong,HKG,1978,70.600624
Hong Kong,HKG,1979,98.64325
Hong Kong,HKG,1980,135.17252
Hong Kong,HKG,1981,125.521355
Hong Kong,HKG,1982,67.161736
Hong Kong,HKG,1983,65.39613
Hong Kong,HKG,1984,70.4762
Hong Kong,HKG,1985,96.90126
Hong Kong,HKG,1986,131.0852
Hong Kong,HKG,1987,106.81673
Hong Kong,HKG,1988,124.620125
Hong Kong,HKG,1989,112.75649
Hong Kong,HKG,1990,108.393585
Hong Kong,HKG,1991,137.00641
Hong Kong,HKG,1992,164.93657
Hong Kong,HKG,1993,319.9246
Hong Kong,HKG,1994,198.44217
Hong Kong,HKG,1995,209.95538
Hong Kong,HKG,1996,281.2571
Hong Kong,HKG,1997,233.05057
Hong Kong,HKG,1998,203.4317
Hong Kong,HKG,1999,366.8736
Hong Kong,HKG,2000,363.13962
Hong Kong,HKG,2001,298.73672
Hong Kong,HKG,2002,278.36374
Hong Kong,HKG,2003,442.78888
Hong Kong,HKG,2004,509.4406
Hong Kong,HKG,2005,581.0449
Hong Kong,HKG,2006,886.11847
Hong Kong,HKG,2007,1254.468
Hong Kong,HKG,2008,605.9723
Hong Kong,HKG,2009,1076.929
Hong Kong,HKG,2010,1185.8519
Hong Kong,HKG,2011,908.6163
Hong Kong,HKG,2012,1078.3071
Hong Kong,HKG,2013,1124.7052
Hong Kong,HKG,2014,1109.2537
Hong Kong,HKG,2015,1029.419
Hong Kong,HKG,2016,995.2105
Hong Kong,HKG,2017,1274.7891
Hong Kong,HKG,2018,1055.8163
Hong Kong,HKG,2019,1349.3743
Hong Kong,HKG,2020,1777.2263
Hong Kong,HKG,2021,1472.8596
Hong Kong,HKG,2022,1273.2228
Hungary,HUN,2002,19.211784
Hungary,HUN,2003,19.537899
Hungary,HUN,2004,27.466024
Hungary,HUN,2005,28.774258
Hungary,HUN,2006,36.239265
Hungary,HUN,2007,32.95293
Hungary,HUN,2008,11.662932
Hungary,HUN,2009,22.91661
Hungary,HUN,2010,20.963371
Hungary,HUN,2011,13.225779
Hungary,HUN,2012,16.116365
Hungary,HUN,2013,14.590787
Hungary,HUN,2014,10.290636
Hungary,HUN,2015,14.129872
Hungary,HUN,2016,17.536263
Hungary,HUN,2017,22.048338
Hungary,HUN,2018,18.0204
Hungary,HUN,2019,20.05026
Hungary,HUN,2020,17.783087
Hungary,HUN,2021,17.336412
Hungary,HUN,2022,13.48372
India,IND,2000,48.17475
India,IND,2001,30.646751
India,IND,2002,33.43806
India,IND,2003,50.84657
India,IND,2004,58.597294
India,IND,2005,76.152115
India,IND,2006,95.21515
India,IND,2007,161.23946
India,IND,2008,66.003105
India,IND,2009,101.894485
India,IND,2010,105.18295
India,IND,2011,68.270065
India,IND,2012,76.07724
India,IND,2013,68.13427
India,IND,2014,82.71721
India,IND,2015,82.96154
India,IND,2016,76.09812
India,IND,2017,96.39878
India,IND,2018,84.4384
India,IND,2019,80.65028
India,IND,2020,97.03201
India,IND,2021,113.61123
India,IND,2022,107.45532
Indonesia,IDN,1995,32.94131
Indonesia,IDN,1996,40.02164
Indonesia,IDN,1997,13.46473
Indonesia,IDN,1998,23.131367
Indonesia,IDN,1999,45.74575
Indonesia,IDN,2000,16.24793
Indonesia,IDN,2001,14.333623
Indonesia,IDN,2002,15.366895
Indonesia,IDN,2003,23.281717
Indonesia,IDN,2004,28.520298
Indonesia,IDN,2005,28.484455
Indonesia,IDN,2006,38.095882
Indonesia,IDN,2007,48.978428
Indonesia,IDN,2008,19.356146
Indonesia,IDN,2009,39.834953
Indonesia,IDN,2010,47.72757
Indonesia,IDN,2011,43.686493
Indonesia,IDN,2012,46.65395
Indonesia,IDN,2013,37.990646
Indonesia,IDN,2014,47.386623
Indonesia,IDN,2015,41.03726
Indonesia,IDN,2016,45.68925
Indonesia,IDN,2017,51.26793
Indonesia,IDN,2018,46.702408
Indonesia,IDN,2019,46.76275
Indonesia,IDN,2020,46.84234
Indonesia,IDN,2021,48.767525
Indonesia,IDN,2022,46.266346
Iran,IRN,1975,3.6696575
Iran,IRN,1976,4.5551195
Iran,IRN,1977,4.7328835
Iran,IRN,1978,6.41298
Iran,IRN,1993,2.0187118
Iran,IRN,1994,3.9016466
Iran,IRN,1995,9.501944
Iran,IRN,1996,14.139439
Iran,IRN,1997,13.326336
Iran,IRN,1998,13.514397
Iran,IRN,1999,19.172005
Iran,IRN,2000,24.350073
Iran,IRN,2001,5.817554
Iran,IRN,2002,9.143156
Iran,IRN,2003,18.131754
Iran,IRN,2004,22.689419
Iran,IRN,2005,16.197786
Iran,IRN,2006,13.672545
Iran,IRN,2007,12.5480175
Iran,IRN,2008,11.996108
Iran,IRN,2009,14.293501
Iran,IRN,2010,17.788326
Iran,IRN,2011,17.023155
Iran,IRN,2012,14.129351
Iran,IRN,2013,69.10007
Iran,IRN,2014,25.230865
Iran,IRN,2015,21.854803
Iran,IRN,2016,22.004053
Iran,IRN,2017,21.736671
Iran,IRN,2018,42.734737
Iran,IRN,2019,116.53512
Iran,IRN,2020,587.2029
Iran,IRN,2021,393.34558
Iran,IRN,2022,409.02576
Ireland,IRL,1997,59.020622
Ireland,IRL,1998,77.24713
Ireland,IRL,1999,69.54235
Ireland,IRL,2000,81.71281
Ireland,IRL,2001,68.86158
Ireland,IRL,2002,46.609135
Ireland,IRL,2003,51.660885
Ireland,IRL,2004,58.69434
Ireland,IRL,2005,53.84547
Ireland,IRL,2006,70.32004
Ireland,IRL,2007,53.2826
Ireland,IRL,2008,17.967096
Ireland,IRL,2009,25.922142
Ireland,IRL,2010,27.194695
Ireland,IRL,2011,44.913548
Ireland,IRL,2012,47.955612
Ireland,IRL,2013,69.92256
Ireland,IRL,2014,53.77537
Ireland,IRL,2015,42.33217
Ireland,IRL,2016,39.19385
Ireland,IRL,2017,42.048927
Ireland,IRL,2018,27.854658
Israel,ISR,1979,11.252179
Israel,ISR,1980,18.968454
Israel,ISR,1981,25.975378
Israel,ISR,1982,54.50648
Israel,ISR,1983,15.624493
Israel,ISR,1984,20.006573
Israel,ISR,1985,26.443697
Israel,ISR,1986,27.633097
Israel,ISR,1987,28.180382
Israel,ISR,1988,10.313099
Israel,ISR,1989,15.71893
Israel,ISR,1990,13.365483
Israel,ISR,1991,20.170427
Israel,ISR,1992,37.443325
Israel,ISR,1993,63.780277
Israel,ISR,1994,36.137768
Israel,ISR,1995,34.66861
Israel,ISR,1996,31.140686
Israel,ISR,1997,38.85084
Israel,ISR,1998,33.968147
Israel,ISR,1999,53.860653
Israel,ISR,2000,48.99461
Israel,ISR,2001,42.82837
Israel,ISR,2002,33.690228
Israel,ISR,2003,53.435722
Israel,ISR,2004,65.658844
Israel,ISR,2005,83.32779
Israel,ISR,2006,101.895676
Israel,ISR,2007,127.70048
Israel,ISR,2008,48.834843
Israel,ISR,2009,88.835335
Israel,ISR,2010,95.27082
Israel,ISR,2011,58.68924
Israel,ISR,2012,61.561222
Israel,ISR,2013,68.305786
Israel,ISR,2014,63.843105
Israel,ISR,2015,80.570015
Israel,ISR,2016,66.67009
Israel,ISR,2017,64.6784
Israel,ISR,2018,49.971104
Israel,ISR,2019,59.394604
Israel,ISR,2020,63.649197
Israel,ISR,2021,73.945755
Israel,ISR,2022,51.359444
Italy,ITA,1975,4.7322626
Italy,ITA,1977,2.3881288
Italy,ITA,1978,3.1054852
Italy,ITA,1979,3.2590153
Italy,ITA,1980,5.297333
Italy,ITA,1981,5.5495825
Italy,ITA,1982,4.652905
Italy,ITA,1983,4.7085404
Italy,ITA,1984,5.860449
Italy,ITA,1985,12.833001
Italy,ITA,1986,21.849144
Italy,ITA,1987,14.902306
Italy,ITA,1988,15.1529665
Italy,ITA,1989,18.201166
Italy,ITA,1990,12.565239
Italy,ITA,1991,13.21223
Italy,ITA,1992,9.34545
Italy,ITA,1993,13.612323
Italy,ITA,1994,16.879572
Italy,ITA,1995,17.795818
Italy,ITA,1996,19.51627
Italy,ITA,1997,27.684196
Italy,ITA,1998,0.02311881
Italy,ITA,1999,58.0269
Italy,ITA,2000,66.833885
Italy,ITA,2001,45.004147
Italy,ITA,2002,37.220737
Italy,ITA,2003,38.84199
Italy,ITA,2004,43.554657
Italy,ITA,2005,42.79252
Italy,ITA,2006,52.41107
Italy,ITA,2007,48.257504
Italy,ITA,2008,21.596111
Italy,ITA,2009,29.683317
Italy,ITA,2010,24.945213
Italy,ITA,2011,18.703568
Italy,ITA,2012,22.9668
Italy,ITA,2013,28.583271
Italy,ITA,2014,27.024546
Jamaica,JAM,1993,27.052933
Jamaica,JAM,1994,33.325638
Jamaica,JAM,1995,21.141249
Jamaica,JAM,1996,26.299952
Jamaica,JAM,1997,27.276175
Jamaica,JAM,1998,24.27737
Jamaica,JAM,1999,28.415478
Jamaica,JAM,2000,39.429813
Jamaica,JAM,2001,51.31745
Jamaica,JAM,2002,62.115692
Jamaica,JAM,2010,29.381153
Jamaica,JAM,2011,34.6762
Jamaica,JAM,2013,23.409016
Jamaica,JAM,2014,21.130613
Jamaica,JAM,2015,41.5781
Jamaica,JAM,2016,45.954292
Jamaica,JAM,2017,63.508
Jamaica,JAM,2018,76.646675
Jamaica,JAM,2019,99.600044
Jamaica,JAM,2020,84.71418
Jamaica,JAM,2021,82.92545
Jamaica,JAM,2022,76.345375
Japan,JPN,1975,26.610874
Japan,JPN,1976,30.206347
Japan,JPN,1977,2.9210863
Japan,JPN,1978,3.3022177
Japan,JPN,1979,26.822636
Japan,JPN,1980,33.57716
Japan,JPN,1981,33.56376
Japan,JPN,1982,36.0226
Japan,JPN,1983,42.951096
Japan,JPN,1984,47.88232
Japan,JPN,1985,66.450554
Japan,JPN,1986,84.13061
Japan,JPN,1987,105.64258
Japan,JPN,1988,121.220955
Japan,JPN,1989,137.0138
Japan,JPN,1990,91.92158
Japan,JPN,1991,82.39153
Japan,JPN,1992,56.64437
Japan,JPN,1993,64.058556
Japan,JPN,1994,71.86116
Japan,JPN,1995,63.9305
Japan,JPN,1996,61.334423
Japan,JPN,1997,46.41946
Japan,JPN,1998,59.52496
Japan,JPN,1999,96.103645
Japan,JPN,2000,63.54657
Japan,JPN,2001,51.76405
Japan,JPN,2002,49.47108
Japan,JPN,2003,65.34037
Japan,JPN,2004,72.70775
Japan,JPN,2005,94.64829
Japan,JPN,2006,100.26959
Japan,JPN,2007,94.56676
Japan,JPN,2008,61.014286
Japan,JPN,2009,62.502815
Japan,JPN,2010,66.465126
Japan,JPN,2011,53.35006
Japan,JPN,2012,55.462852
Japan,JPN,2013,87.161995
Japan,JPN,2014,89.401665
Japan,JPN,2015,110.123634
Japan,JPN,2016,99.03315
Japan,JPN,2017,126.2022
Japan,JPN,2018,105.077095
Japan,JPN,2019,120.9668
Japan,JPN,2020,132.88702
Japan,JPN,2021,129.98602
Japan,JPN,2022,126.408745
Jordan,JOR,2007,238.67572
Jordan,JOR,2008,158.41454
Jordan,JOR,2009,129.70418
Jordan,JOR,2010,113.74896
Jordan,JOR,2011,92.07046
Jordan,JOR,2012,85.24689
Jordan,JOR,2013,74.77826
Jordan,JOR,2014,69.35277
Jordan,JOR,2015,65.96107
Jordan,JOR,2016,61.60035
Jordan,JOR,2017,57.60505
Jordan,JOR,2018,52.43161
Jordan,JOR,2019,47.269592
Jordan,JOR,2020,41.660183
Jordan,JOR,2021,47.20847
Jordan,JOR,2022,52.146126
Kazakhstan,KAZ,1998,7.6514626
Kazakhstan,KAZ,2002,5.2338395
Kazakhstan,KAZ,2003,7.867692
Kazakhstan,KAZ,2004,9.134947
Kazakhstan,KAZ,2005,18.431343
Kazakhstan,KAZ,2006,53.933662
Kazakhstan,KAZ,2007,39.46355
Kazakhstan,KAZ,2008,17.43969
Kazakhstan,KAZ,2009,24.221394
Kazakhstan,KAZ,2010,18.016352
Kazakhstan,KAZ,2011,11.700007
Kazakhstan,KAZ,2012,11.318636
Kazakhstan,KAZ,2013,11.083844
Kazakhstan,KAZ,2014,10.37571
Kazakhstan,KAZ,2015,18.923035
Kazakhstan,KAZ,2016,29.255322
Kazakhstan,KAZ,2017,27.312151
Kazakhstan,KAZ,2018,20.634132
Kazakhstan,KAZ,2019,22.370485
Kazakhstan,KAZ,2020,22.341549
Kazakhstan,KAZ,2021,33.36894
Kazakhstan,KAZ,2022,20.296526
Kenya,KEN,1993,18.482952
Kenya,KEN,1994,42.622227
Kenya,KEN,1995,22.301996
Kenya,KEN,1996,14.934751
Kenya,KEN,1997,13.823213
Kenya,KEN,1998,14.81886
Kenya,KEN,2000,9.880798
Kenya,KEN,2001,8.049434
Kenya,KEN,2002,10.886209
Kenya,KEN,2003,28.063705
Kenya,KEN,2004,24.174517
Kenya,KEN,2005,34.069942
Kenya,KEN,2006,44.057365
Kenya,KEN,2007,41.75649
Kenya,KEN,2008,30.238344
Kenya,KEN,2009,25.897333
Kenya,KEN,2010,31.848198
Kenya,KEN,2011,21.768135
Kenya,KEN,2019,24.967035
Kenya,KEN,2020,21.258554
Kenya,KEN,2021,20.888802
Kenya,KEN,2022,14.074114
Kuwait,KWT,1993,43.856556
Kuwait,KWT,1994,40.06965
Kuwait,KWT,1995,47.707615
Kuwait,KWT,1996,60.120365
Kuwait,KWT,1997,97.712234
Kuwait,KWT,1998,87.74864
Kuwait,KWT,1999,66.46131
Kuwait,KWT,2000,51.59212
Kuwait,KWT,2001,64.87187
Kuwait,KWT,2002,82.49526
Kuwait,KWT,2003,127.31507
Kuwait,KWT,2004,122.65272
Kuwait,KWT,2005,128.36884
Kuwait,KWT,2006,105.42145
Kuwait,KWT,2015,83.879234
Kuwait,KWT,2019,83.874016
Kuwait,KWT,2020,95.44454
Kuwait,KWT,2021,92.025536
Kuwait,KWT,2022,83.00687
Latin America and Caribbean (WB),,2000,24.646004
Latin America and Caribbean (WB),,2001,22.642317
Latin America and Caribbean (WB),,2002,19.392584
Latin America and Caribbean (WB),,2003,30.694801
Latin America and Caribbean (WB),,2004,36.86537
Latin America and Caribbean (WB),,2005,41.02769
Latin America and Caribbean (WB),,2006,49.448975
Latin America and Caribbean (WB),,2007,66.7972
Latin America and Caribbean (WB),,2008,29.620558
Latin America and Caribbean (WB),,2009,61.940754
Latin America and Caribbean (WB),,2010,61.025032
Latin America and Caribbean (WB),,2011,43.13905
Latin America and Caribbean (WB),,2012,48.212284
Latin America and Caribbean (WB),,2013,40.713882
Latin America and Caribbean (WB),,2014,35.115448
Latin America and Caribbean (WB),,2015,29.212017
Latin America and Caribbean (WB),,2016,36.890285
Latin America and Caribbean (WB),,2017,41.854813
Latin America and Caribbean (WB),,2018,38.920197
Latin America and Caribbean (WB),,2019,50.21041
Latin America and Caribbean (WB),,2020,52.266167
Latin America and Caribbean (WB),,2021,39.611877
Latin America and Caribbean (WB),,2022,34.42526
Lebanon,LBN,1996,17.501549
Lebanon,LBN,1997,17.03925
Lebanon,LBN,1998,13.863136
Lebanon,LBN,1999,10.875418
Lebanon,LBN,2000,9.004792
Lebanon,LBN,2001,6.9576054
Lebanon,LBN,2002,6.9258223
Lebanon,LBN,2003,7.059432
Lebanon,LBN,2004,10.426786
Lebanon,LBN,2005,22.37412
Lebanon,LBN,2006,36.979828
Lebanon,LBN,2007,43.28254
Lebanon,LBN,2008,32.911835
Lebanon,LBN,2009,36.299355
Lebanon,LBN,2010,33.02825
Lebanon,LBN,2011,22.659132
Lebanon,LBN,2012,20.625307
Lebanon,LBN,2013,22.756392
Lebanon,LBN,2014,23.55359
Lebanon,LBN,2015,22.794113
Lebanon,LBN,2016,23.701208
Lebanon,LBN,2017,21.671267
Lebanon,LBN,2018,17.622791
Lebanon,LBN,2019,14.990129
Lebanon,LBN,2020,21.1363
Lebanon,LBN,2021,45.725864
Lower-middle-income countries,,2000,33.58034
Lower-middle-income countries,,2001,22.559734
Lower-middle-income countries,,2004,44.441864
Lower-middle-income countries,,2005,53.316483
Lower-middle-income countries,,2006,65.753525
Lower-middle-income countries,,2007,110.86565
Lower-middle-income countries,,2008,44.586178
Lower-middle-income countries,,2009,67.0081
Lower-middle-income countries,,2010,70.49706
Lower-middle-income countries,,2011,47.631306
Lower-middle-income countries,,2012,57.088074
Lower-middle-income countries,,2013,49.99969
Lower-middle-income countries,,2014,57.902527
Lower-middle-income countries,,2015,57.45949
Lower-middle-income countries,,2016,54.319233
Lower-middle-income countries,,2017,71.21028
Lower-middle-income countries,,2018,58.325768
Lower-middle-income countries,,2019,54.347534
Lower-middle-income countries,,2020,61.873386
Lower-middle-income countries,,2021,74.930824
Lower-middle-income countries,,2022,66.22147
Luxembourg,LUX,1975,25.61366
Luxembourg,LUX,1976,23.36731
Luxembourg,LUX,1977,22.744179
Luxembourg,LUX,1978,22.180378
Luxembourg,LUX,1979,46.039658
Luxembourg,LUX,1980,24.14563
Luxembourg,LUX,1981,30.014847
Luxembourg,LUX,1982,34.810513
Luxembourg,LUX,1983,33.41506
Luxembourg,LUX,1984,36.469383
Luxembourg,LUX,1985,61.175232
Luxembourg,LUX,1986,68.298485
Luxembourg,LUX,1987,85.86112
Luxembourg,LUX,1988,89.908356
Luxembourg,LUX,1989,103.09231
Luxembourg,LUX,1990,81.81939
Luxembourg,LUX,1991,81.506584
Luxembourg,LUX,1992,76.25186
Luxembourg,LUX,1993,121.2889
Luxembourg,LUX,1994,161.10458
Luxembourg,LUX,1995,145.90852
Luxembourg,LUX,1996,155.11453
Luxembourg,LUX,1997,173.19379
Luxembourg,LUX,1998,189.48833
Luxembourg,LUX,1999,164.10858
Luxembourg,LUX,2000,160.22716
Luxembourg,LUX,2001,106.185036
Luxembourg,LUX,2002,103.81062
Luxembourg,LUX,2003,125.83973
Luxembourg,LUX,2004,143.00235
Luxembourg,LUX,2005,136.03745
Luxembourg,LUX,2006,185.30252
Luxembourg,LUX,2007,321.93518
Luxembourg,LUX,2008,113.20511
Luxembourg,LUX,2009,192.86473
Luxembourg,LUX,2010,179.89922
Luxembourg,LUX,2011,109.61345
Luxembourg,LUX,2012,117.66918
Luxembourg,LUX,2013,120.60873
Luxembourg,LUX,2014,91.80682
Luxembourg,LUX,2015,78.458694
Luxembourg,LUX,2016,97.899734
Luxembourg,LUX,2017,104.45412
Luxembourg,LUX,2018,69.693504
Luxembourg,LUX,2019,63.28987
Luxembourg,LUX,2020,69.97029
Luxembourg,LUX,2021,71.50146
Luxembourg,LUX,2022,62.341663
Malaysia,MYS,1981,61.18383
Malaysia,MYS,1982,51.773445
Malaysia,MYS,1983,74.79724
Malaysia,MYS,1984,56.95934
Malaysia,MYS,1985,77.41735
Malaysia,MYS,1986,53.584663
Malaysia,MYS,1987,56.718098
Malaysia,MYS,1988,65.366714
Malaysia,MYS,1989,102.18342
Malaysia,MYS,1990,108.73195
Malaysia,MYS,1991,115.420364
Malaysia,MYS,1992,150.43398
Malaysia,MYS,1993,320.99097
Malaysia,MYS,1994,247.08319
Malaysia,MYS,1995,240.97287
Malaysia,MYS,1996,303.5675
Malaysia,MYS,1997,93.22535
Malaysia,MYS,1998,132.41615
Malaysia,MYS,1999,176.7665
Malaysia,MYS,2000,120.64837
Malaysia,MYS,2001,128.23424
Malaysia,MYS,2002,124.72359
Malaysia,MYS,2003,145.92627
Malaysia,MYS,2004,145.59082
Malaysia,MYS,2005,125.766045
Malaysia,MYS,2006,144.80154
Malaysia,MYS,2007,168.06561
Malaysia,MYS,2008,81.9886
Malaysia,MYS,2009,142.99567
Malaysia,MYS,2010,160.25916
Malaysia,MYS,2011,132.7812
Malaysia,MYS,2012,148.38539
Malaysia,MYS,2013,154.78633
Malaysia,MYS,2014,135.77356
Malaysia,MYS,2015,127.08477
Malaysia,MYS,2016,119.42941
Malaysia,MYS,2017,142.82654
Malaysia,MYS,2018,110.93397
Malaysia,MYS,2019,110.61939
Malaysia,MYS,2020,129.36136
Malaysia,MYS,2021,110.83523
Malaysia,MYS,2022,93.523476
Malta,MLT,2000,50.146774
Malta,MLT,2001,33.331223
Malta,MLT,2002,30.834574
Malta,MLT,2003,34.15048
Malta,MLT,2004,46.522854
Malta,MLT,2005,63.700146
Malta,MLT,2006,66.720985
Malta,MLT,2007,71.232956
Malta,MLT,2008,39.14728
Malta,MLT,2009,46.713463
Malta,MLT,2010,46.09761
Malta,MLT,2011,35.0269
Malta,MLT,2012,37.790604
Malta,MLT,2013,39.356075
Malta,MLT,2014,30.633747
Malta,MLT,2015,38.844894
Malta,MLT,2016,36.86371
Malta,MLT,2017,36.51618
Malta,MLT,2018,31.279552
Malta,MLT,2019,32.537685
Malta,MLT,2020,31.006193
Malta,MLT,2021,24.429565
Malta,MLT,2022,22.691227
Mauritius,MUS,1993,21.17708
Mauritius,MUS,1994,36.65034
Mauritius,MUS,1995,32.657738
Mauritius,MUS,1996,33.137196
Mauritius,MUS,1997,35.9163
Mauritius,MUS,1998,40.28029
Mauritius,MUS,1999,34.569588
Mauritius,MUS,2000,26.293936
Mauritius,MUS,2001,20.918756
Mauritius,MUS,2002,24.263556
Mauritius,MUS,2003,32.154884
Mauritius,MUS,2004,31.780664
Mauritius,MUS,2005,35.375328
Mauritius,MUS,2006,70.5455
Mauritius,MUS,2007,97.16483
Mauritius,MUS,2008,46.6649
Mauritius,MUS,2009,72.101685
Mauritius,MUS,2010,77.49925
Mauritius,MUS,2011,68.10964
Mauritius,MUS,2012,61.53301
Mauritius,MUS,2013,72.74358
Mauritius,MUS,2014,66.93386
Mauritius,MUS,2015,60.284622
Mauritius,MUS,2016,60.093727
Mauritius,MUS,2017,71.046165
Mauritius,MUS,2018,66.82772
Mauritius,MUS,2019,59.681095
Mauritius,MUS,2020,53.99327
Mauritius,MUS,2021,77.79092
Mauritius,MUS,2022,66.26975
Mexico,MEX,1975,0.53409094
Mexico,MEX,1976,0.9001313
Mexico,MEX,1978,0.7189579
Mexico,MEX,1979,0.8897518
Mexico,MEX,1980,0.63187987
Mexico,MEX,1981,0.38286895
Mexico,MEX,1982,0.9317311
Mexico,MEX,1983,1.9402306
Mexico,MEX,1984,1.986639
Mexico,MEX,1985,2.0026524
Mexico,MEX,1986,4.1023803
Mexico,MEX,1987,6.1338234
Mexico,MEX,1988,8.36953
Mexico,MEX,1989,12.231085
Mexico,MEX,1990,15.712698
Mexico,MEX,1991,32.81603
Mexico,MEX,1992,38.204876
Mexico,MEX,1993,37.88761
Mexico,MEX,1994,23.526293
Mexico,MEX,1995,23.856945
Mexico,MEX,1996,24.706352
Mexico,MEX,1997,29.915972
Mexico,MEX,1998,16.457794
Mexico,MEX,1999,24.403015
Mexico,MEX,2000,16.872437
Mexico,MEX,2001,15.860318
Mexico,MEX,2002,12.821696
Mexico,MEX,2003,16.005873
Mexico,MEX,2004,20.916475
Mexico,MEX,2005,26.060951
Mexico,MEX,2006,34.142612
Mexico,MEX,2007,36.079525
Mexico,MEX,2008,20.150164
Mexico,MEX,2009,37.31519
Mexico,MEX,2010,41.101433
Mexico,MEX,2011,33.25348
Mexico,MEX,2012,41.833504
Mexico,MEX,2013,39.62643
Mexico,MEX,2014,35.1955
Mexico,MEX,2015,33.153805
Mexico,MEX,2016,31.540998
Mexico,MEX,2017,35.022507
Mexico,MEX,2018,30.649635
Mexico,MEX,2019,31.716652
Mexico,MEX,2020,35.646175
Mexico,MEX,2021,34.91708
Mexico,MEX,2022,31.029604
Middle East and North Africa (WB),,2009,49.122395
Middle East and North Africa (WB),,2010,46.690765
Middle East and North Africa (WB),,2011,32.843082
Middle East and North Africa (WB),,2012,32.216816
Middle East and North Africa (WB),,2013,51.31348
Middle East and North Africa (WB),,2014,45.67712
Middle East and North Africa (WB),,2015,47.980686
Middle East and North Africa (WB),,2016,46.05462
Middle East and North Africa (WB),,2017,46.087852
Middle East and North Africa (WB),,2018,46.22965
Middle East and North Africa (WB),,2019,123.02437
Middle East and North Africa (WB),,2020,179.39647
Middle East and North Africa (WB),,2021,168.85841
Middle East and North Africa (WB),,2022,153.35942
Middle-income countries,,2003,37.20136
Middle-income countries,,2004,38.68112
Middle-income countries,,2005,40.388405
Middle-income countries,,2006,53.94971
Middle-income countries,,2007,95.232765
Middle-income countries,,2008,36.500885
Middle-income countries,,2009,65.9402
Middle-income countries,,2010,65.07429
Middle-income countries,,2011,46.004528
Middle-income countries,,2012,50.07084
Middle-income countries,,2013,46.45301
Middle-income countries,,2014,53.29884
Middle-income countries,,2015,59.858364
Middle-income countries,,2016,57.969128
Middle-income countries,,2017,66.30061
Middle-income countries,,2018,49.278378
Middle-income countries,,2019,59.71656
Middle-income countries,,2020,79.57958
Middle-income countries,,2021,77.815796
Middle-income countries,,2022,65.80383
Montenegro,MNE,2008,76.29869
Montenegro,MNE,2010,77.78814
Montenegro,MNE,2011,77.21785
Montenegro,MNE,2012,92.653595
Morocco,MAR,2010,68.55885
Morocco,MAR,2011,54.585342
Morocco,MAR,2012,49.075294
Morocco,MAR,2013,46.510895
Morocco,MAR,2014,44.27636
Morocco,MAR,2015,41.59617
Morocco,MAR,2016,51.60724
Morocco,MAR,2017,56.56163
Morocco,MAR,2018,47.966255
Morocco,MAR,2019,50.740868
Morocco,MAR,2020,54.03613
Morocco,MAR,2021,52.503555
Morocco,MAR,2022,41.012623
Namibia,NAM,1993,0.85507184
Namibia,NAM,1994,5.3538747
Namibia,NAM,1995,4.753282
Namibia,NAM,1996,11.872415
Namibia,NAM,1997,16.588728
Namibia,NAM,1998,11.038158
Namibia,NAM,1999,17.241337
Namibia,NAM,2000,7.732587
Namibia,NAM,2001,4.2306876
Namibia,NAM,2002,2.4767332
Namibia,NAM,2003,1.3998152
Namibia,NAM,2004,1.3954687
Namibia,NAM,2005,1.674
Namibia,NAM,2006,1.9719298
Namibia,NAM,2007,1.9637601
Namibia,NAM,2008,0.56540537
Namibia,NAM,2009,0.347819
Namibia,NAM,2010,0.010289805
Namibia,NAM,2011,0.009202243
Namibia,NAM,2016,21.7957
Namibia,NAM,2017,22.60718
Namibia,NAM,2018,17.993982
Namibia,NAM,2019,20.802303
Namibia,NAM,2020,17.64186
Namibia,NAM,2021,19.25622
Namibia,NAM,2022,17.176998
Netherlands,NLD,1975,18.227646
Netherlands,NLD,1976,18.476267
Netherlands,NLD,1977,17.70248
Netherlands,NLD,1978,17.026264
Netherlands,NLD,1979,16.226849
Netherlands,NLD,1980,15.022229
Netherlands,NLD,1981,13.291302
Netherlands,NLD,1982,16.200783
Netherlands,NLD,1983,21.95697
Netherlands,NLD,1984,24.579832
Netherlands,NLD,1985,41.20753
Netherlands,NLD,1986,41.61594
Netherlands,NLD,1987,35.494305
Netherlands,NLD,1988,41.212612
Netherlands,NLD,1989,59.704514
Netherlands,NLD,1990,37.586517
Netherlands,NLD,1991,51.556652
Netherlands,NLD,1992,46.972622
Netherlands,NLD,1993,51.332767
Netherlands,NLD,1994,58.99574
Netherlands,NLD,1995,63.28304
Netherlands,NLD,1996,83.1592
Netherlands,NLD,1997,112.2452
Netherlands,NLD,1998,137.52051
Netherlands,NLD,1999,154.9997
Netherlands,NLD,2000,153.34787
Netherlands,NLD,2001,116.29613
Netherlands,NLD,2002,84.38326
Netherlands,NLD,2003,83.89723
Netherlands,NLD,2004,81.46452
Netherlands,NLD,2005,86.15122
Netherlands,NLD,2006,105.687225
Netherlands,NLD,2007,112.027916
Netherlands,NLD,2008,40.58046
Netherlands,NLD,2009,63.620525
Netherlands,NLD,2010,77.551476
Netherlands,NLD,2011,65.11992
Netherlands,NLD,2012,76.95632
Netherlands,NLD,2013,92.52094
Netherlands,NLD,2014,87.24617
Netherlands,NLD,2015,93.90803
Netherlands,NLD,2016,101.07387
Netherlands,NLD,2017,129.6937
New Zealand,NZL,1985,35.599403
New Zealand,NZL,1986,72.5885
New Zealand,NZL,1987,38.769943
New Zealand,NZL,1988,29.7691
New Zealand,NZL,1989,30.708109
New Zealand,NZL,1990,19.394978
New Zealand,NZL,1991,33.44927
New Zealand,NZL,1992,36.79247
New Zealand,NZL,1993,54.773983
New Zealand,NZL,1994,49.0243
New Zealand,NZL,1995,49.08266
New Zealand,NZL,1996,54.590996
New Zealand,NZL,1997,46.173534
New Zealand,NZL,1998,44.078228
New Zealand,NZL,1999,48.247803
New Zealand,NZL,2000,35.370674
New Zealand,NZL,2001,33.08145
New Zealand,NZL,2002,32.661507
New Zealand,NZL,2003,37.449776
New Zealand,NZL,2004,42.087715
New Zealand,NZL,2005,35.383904
New Zealand,NZL,2006,40.18022
New Zealand,NZL,2007,34.613285
New Zealand,NZL,2008,18.184752
New Zealand,NZL,2009,29.254179
New Zealand,NZL,2012,30.003908
New Zealand,NZL,2013,34.551155
New Zealand,NZL,2014,36.96066
New Zealand,NZL,2015,41.745502
New Zealand,NZL,2016,42.376503
New Zealand,NZL,2017,45.84049
New Zealand,NZL,2018,40.658028
New Zealand,NZL,2019,50.68421
New Zealand,NZL,2020,62.153263
New Zealand,NZL,2021,48.46704
New Zealand,NZL,2022,39.53484
Nigeria,NGA,1993,3.7772572
Nigeria,NGA,1994,3.7031274
Nigeria,NGA,1995,5.5188847
Nigeria,NGA,1996,6.845681
Nigeria,NGA,1997,6.252938
Nigeria,NGA,1998,4.725689
Nigeria,NGA,1999,4.9701176
Nigeria,NGA,2002,2.497463
Nigeria,NGA,2004,11.686349
Nigeria,NGA,2005,12.662337
Nigeria,NGA,2006,13.768011
Nigeria,NGA,2007,30.50899
Nigeria,NGA,2008,14.157773
Nigeria,NGA,2009,10.922859
Nigeria,NGA,2010,13.773221
Nigeria,NGA,2011,9.4165325
Nigeria,NGA,2012,12.113946
Nigeria,NGA,2013,15.498411
Nigeria,NGA,2014,10.931397
Nigeria,NGA,2015,10.136141
Nigeria,NGA,2016,7.362535
Nigeria,NGA,2017,9.905002
Nigeria,NGA,2018,7.4739428
Nigeria,NGA,2019,9.256055
Nigeria,NGA,2020,13.088656
Nigeria,NGA,2021,33.640896
Nigeria,NGA,2022,19.153498
North America (WB),,1975,41.770927
North America (WB),,1976,47.13859
North America (WB),,1977,43.94566
North America (WB),,1978,40.515915
North America (WB),,1979,42.927166
North America (WB),,1980,52.53706
North America (WB),,1981,39.399582
North America (WB),,1982,45.48276
North America (WB),,1983,51.97984
North America (WB),,1984,42.072205
North America (WB),,1985,55.125336
North America (WB),,1986,57.976364
North America (WB),,1987,55.544147
North America (WB),,1988,56.158184
North America (WB),,1989,63.226955
North America (WB),,1990,54.15472
North America (WB),,1991,68.947945
North America (WB),,1992,70.330215
North America (WB),,1993,78.608505
North America (WB),,1994,72.62394
North America (WB),,1995,92.4574
North America (WB),,1996,107.54349
North America (WB),,1997,127.59925
North America (WB),,1998,144.42377
North America (WB),,1999,157.3843
North America (WB),,2000,144.38078
North America (WB),,2001,128.93613
North America (WB),,2002,102.1513
North America (WB),,2003,122.84865
North America (WB),,2004,132.11507
North America (WB),,2005,130.02003
North America (WB),,2006,140.49532
North America (WB),,2007,138.63208
North America (WB),,2008,77.31765
North America (WB),,2009,105.65427
North America (WB),,2010,116.6931
North America (WB),,2011,100.893364
North America (WB),,2012,114.6007
North America (WB),,2013,139.58842
North America (WB),,2014,146.38089
North America (WB),,2015,134.266
North America (WB),,2016,144.28969
North America (WB),,2017,162.16689
North America (WB),,2018,144.609
North America (WB),,2019,156.70253
North America (WB),,2020,192.0848
North America (WB),,2021,201.63863
North America (WB),,2022,152.76332
Norway,NOR,1981,5.24309
Norway,NOR,1982,3.824002
Norway,NOR,1983,7.4404597
Norway,NOR,1984,93.34204
Norway,NOR,1985,15.38233
Norway,NOR,1986,12.845215
Norway,NOR,1987,12.615973
Norway,NOR,1988,15.461952
Norway,NOR,1989,24.636354
Norway,NOR,1990,21.812696
Norway,NOR,1991,18.04936
Norway,NOR,1992,13.635484
Norway,NOR,1993,22.699717
Norway,NOR,1994,28.678488
Norway,NOR,1995,29.327826
Norway,NOR,1996,34.7833
Norway,NOR,1997,41.218887
Norway,NOR,1998,30.098444
Norway,NOR,1999,39.228024
Norway,NOR,2000,38.361824
Norway,NOR,2001,39.8678
Norway,NOR,2002,32.753902
Norway,NOR,2003,41.816036
Norway,NOR,2004,53.315704
Norway,NOR,2005,61.642506
Norway,NOR,2006,80.95678
Norway,NOR,2007,88.14745
Norway,NOR,2008,31.383272
Norway,NOR,2009,58.56883
Norway,NOR,2010,68.50408
Norway,NOR,2011,44.067368
Norway,NOR,2012,47.34314
Norway,NOR,2013,50.45053
Norway,NOR,2014,43.722088
Norway,NOR,2015,49.952595
Norway,NOR,2016,62.34078
Norway,NOR,2017,71.486145
Norway,NOR,2018,60.797886
Norway,NOR,2019,72.30674
Oman,OMN,1993,11.322919
Oman,OMN,1994,14.495201
Oman,OMN,1995,15.128891
Oman,OMN,1996,17.490093
Oman,OMN,1997,41.55026
Oman,OMN,1998,27.372423
Oman,OMN,1999,23.425188
Oman,OMN,2000,18.76659
Oman,OMN,2001,18.297537
Oman,OMN,2004,33.246174
Oman,OMN,2005,43.00272
Oman,OMN,2006,37.82265
Oman,OMN,2007,55.242306
Oman,OMN,2008,29.495071
Oman,OMN,2009,40.518143
Oman,OMN,2010,43.56736
Oman,OMN,2011,34.663452
Oman,OMN,2012,34.65473
Oman,OMN,2013,40.88084
Oman,OMN,2014,40.80999
Oman,OMN,2015,52.24591
Oman,OMN,2016,30.993818
Oman,OMN,2017,26.341516
Oman,OMN,2018,20.5259
Oman,OMN,2019,19.44051
Oman,OMN,2020,21.71075
Oman,OMN,2021,21.647215
Oman,OMN,2022,19.8917
Pakistan,PAK,1993,24.419418
Pakistan,PAK,1994,24.721634
Pakistan,PAK,1995,15.599972
Pakistan,PAK,1996,18.41508
Pakistan,PAK,1997,18.90868
Pakistan,PAK,1998,8.712718
Pakistan,PAK,1999,11.12811
Pakistan,PAK,2000,6.6589065
Pakistan,PAK,2001,5.0474744
Pakistan,PAK,2004,34.4857
Pakistan,PAK,2005,31.208408
Pakistan,PAK,2006,27.742075
Pakistan,PAK,2007,37.859814
Pakistan,PAK,2008,11.549756
Pakistan,PAK,2009,17.021114
Pakistan,PAK,2010,19.321465
Pakistan,PAK,2011,14.123948
Pakistan,PAK,2018,15.585262
Pakistan,PAK,2019,15.755811
Pakistan,PAK,2020,16.73576
Pakistan,PAK,2021,12.365722
Pakistan,PAK,2022,7.659281
Palestine,PSE,1999,14.1018915
Palestine,PSE,2000,10.503987
Palestine,PSE,2001,12.796164
Palestine,PSE,2002,11.765285
Palestine,PSE,2003,11.622479
Palestine,PSE,2004,16.889053
Palestine,PSE,2005,61.679577
Palestine,PSE,2006,36.149055
Palestine,PSE,2007,30.147875
Palestine,PSE,2008,24.903698
Palestine,PSE,2009,29.377296
Palestine,PSE,2010,25.304962
Palestine,PSE,2011,24.874353
Palestine,PSE,2012,23.419449
Palestine,PSE,2013,24.02782
Palestine,PSE,2014,22.782904
Palestine,PSE,2015,23.898542
Palestine,PSE,2016,22.00605
Palestine,PSE,2017,24.128782
Palestine,PSE,2018,22.946562
Palestine,PSE,2019,21.930721
Palestine,PSE,2020,22.192741
Palestine,PSE,2021,24.336628
Palestine,PSE,2022,25.546843
Panama,PAN,1993,4.96437
Panama,PAN,1994,8.132156
Panama,PAN,1995,8.679927
Panama,PAN,1996,13.911492
Panama,PAN,1997,21.624231
Panama,PAN,1998,34.642044
Panama,PAN,1999,29.860973
Panama,PAN,2000,23.34852
Panama,PAN,2001,21.236595
Panama,PAN,2002,24.174173
Panama,PAN,2003,23.670456
Panama,PAN,2004,27.831413
Panama,PAN,2005,35.868824
Panama,PAN,2006,38.325333
Panama,PAN,2007,33.16828
Panama,PAN,2008,27.468256
Panama,PAN,2009,27.787558
Panama,PAN,2010,27.61403
Panama,PAN,2011,29.93101
Panama,PAN,2012,30.157152
Panama,PAN,2013,26.77345
Panama,PAN,2014,26.748327
Panama,PAN,2015,23.623505
Panama,PAN,2016,22.69708
Panama,PAN,2017,23.354967
Panama,PAN,2018,23.245024
Panama,PAN,2019,24.755302
Panama,PAN,2020,24.427773
Panama,PAN,2021,22.93562
Panama,PAN,2022,20.48872
Papua New Guinea,PNG,2003,83.77305
Papua New Guinea,PNG,2004,97.399445
Papua New Guinea,PNG,2005,126.151764
Papua New Guinea,PNG,2006,92.69219
Papua New Guinea,PNG,2007,135.78618
Papua New Guinea,PNG,2008,95.808266
Papua New Guinea,PNG,2009,150.73114
Papua New Guinea,PNG,2010,77.37994
Papua New Guinea,PNG,2011,70.01586
Papua New Guinea,PNG,2013,13.790054
Papua New Guinea,PNG,2014,14.262915
Papua New Guinea,PNG,2015,7.912468
Papua New Guinea,PNG,2016,7.915361
Papua New Guinea,PNG,2017,7.3939333
Paraguay,PRY,1996,3.9591794
Paraguay,PRY,1997,4.251986
Paraguay,PRY,1998,3.9600532
Paraguay,PRY,1999,3.5396347
Peru,PER,1997,26.64939
Peru,PER,1998,17.780611
Peru,PER,1999,24.093674
Peru,PER,2000,18.842318
Peru,PER,2001,18.816645
Peru,PER,2002,20.887096
Peru,PER,2003,24.05037
Peru,PER,2004,27.069164
Peru,PER,2005,31.73748
Peru,PER,2006,45.14905
Peru,PER,2007,67.91211
Peru,PER,2008,31.419802
Peru,PER,2009,59.312008
Peru,PER,2010,70.05296
Peru,PER,2011,47.669632
Peru,PER,2012,53.265865
Peru,PER,2013,40.25217
Peru,PER,2014,39.265568
Peru,PER,2015,29.797056
Peru,PER,2016,42.256268
Peru,PER,2017,47.02095
Peru,PER,2018,41.952656
Peru,PER,2019,43.339912
Peru,PER,2020,43.24128
Peru,PER,2021,34.47067
Peru,PER,2022,28.932325
Philippines,PHL,1996,85.20894
Philippines,PHL,1997,33.32465
Philippines,PHL,1998,47.3834
Philippines,PHL,1999,49.250065
Philippines,PHL,2000,31.051424
Philippines,PHL,2001,26.919714
Philippines,PHL,2002,21.952333
Philippines,PHL,2003,26.626795
Philippines,PHL,2004,30.10664
Philippines,PHL,2005,37.049644
Philippines,PHL,2006,53.153297
Philippines,PHL,2007,65.93952
Philippines,PHL,2008,28.647327
Philippines,PHL,2009,49.069214
Philippines,PHL,2010,75.50095
Philippines,PHL,2011,70.47593
Philippines,PHL,2012,87.55199
Philippines,PHL,2013,76.54741
Philippines,PHL,2014,88.01854
Philippines,PHL,2015,77.932175
Philippines,PHL,2016,75.24097
Philippines,PHL,2017,88.40744
Philippines,PHL,2018,74.44994
Philippines,PHL,2019,73.0758
Philippines,PHL,2020,75.40827
Philippines,PHL,2021,72.42639
Philippines,PHL,2022,59.00312
Poland,POL,1995,3.1953633
Poland,POL,1996,5.207097
Poland,POL,1997,7.589248
Poland,POL,1998,11.673155
Poland,POL,1999,17.326326
Poland,POL,2000,18.085419
Poland,POL,2001,13.562828
Poland,POL,2002,14.211926
Poland,POL,2003,16.93817
Poland,POL,2004,27.522245
Poland,POL,2005,30.628187
Poland,POL,2006,43.032654
Poland,POL,2007,49.246624
Poland,POL,2008,16.955462
Poland,POL,2009,34.240067
Poland,POL,2010,39.887325
Poland,POL,2011,26.190132
Poland,POL,2012,35.61354
Poland,POL,2013,39.473274
Poland,POL,2014,31.153843
Poland,POL,2015,28.698761
Poland,POL,2016,29.305498
Poland,POL,2017,38.116844
Poland,POL,2018,26.989256
Poland,POL,2019,25.157282
Poland,POL,2020,29.295918
Poland,POL,2021,28.641548
Poland,POL,2022,21.227093
Portugal,PRT,1997,33.288868
Portugal,PRT,1998,50.79134
Portugal,PRT,1999,53.461624
Portugal,PRT,2000,51.161915
Portugal,PRT,2001,38.105465
Portugal,PRT,2002,31.785429
Portugal,PRT,2003,35.27573
Portugal,PRT,2004,37.089233
Portugal,PRT,2005,33.952892
Portugal,PRT,2006,49.90855
Portugal,PRT,2007,54.98572
Portugal,PRT,2008,26.147203
Portugal,PRT,2009,40.15535
Portugal,PRT,2010,34.38826
Portugal,PRT,2011,25.135763
Portugal,PRT,2012,30.25771
Portugal,PRT,2013,34.92977
Portugal,PRT,2014,25.11063
Portugal,PRT,2015,30.06312
Portugal,PRT,2016,27.75265
Portugal,PRT,2017,34.22467
Portugal,PRT,2018,25.582579
Qatar,QAT,2007,119.813995
Qatar,QAT,2008,66.39241
Qatar,QAT,2013,76.77655
Qatar,QAT,2014,90.125175
Qatar,QAT,2015,88.1393
Qatar,QAT,2016,102.037605
Qatar,QAT,2017,81.07435
Qatar,QAT,2018,88.934166
Qatar,QAT,2019,90.74648
Qatar,QAT,2020,114.52962
Qatar,QAT,2021,103.04319
Qatar,QAT,2022,70.75516
Romania,ROU,1998,0.85521203
Romania,ROU,1999,0.8724964
Romania,ROU,2000,0.9765194
Romania,ROU,2001,2.7307756
Romania,ROU,2002,5.403176
Romania,ROU,2003,5.886893
Romania,ROU,2004,14.623803
Romania,ROU,2005,16.10679
Romania,ROU,2006,20.680378
Romania,ROU,2007,17.550978
Romania,ROU,2008,7.068742
Romania,ROU,2009,7.5084314
Romania,ROU,2010,8.350351
Romania,ROU,2011,7.280464
Romania,ROU,2013,12.947556
Romania,ROU,2014,11.208982
Romania,ROU,2015,10.421956
Romania,ROU,2016,9.753692
Romania,ROU,2017,11.240293
Romania,ROU,2018,8.565287
Romania,ROU,2019,10.374524
Romania,ROU,2020,10.12292
Romania,ROU,2021,11.26704
Romania,ROU,2022,9.78016
Russia,RUS,2009,62.302254
Russia,RUS,2010,62.383446
Russia,RUS,2011,38.298355
Russia,RUS,2012,37.37458
Russia,RUS,2013,33.616867
Russia,RUS,2014,18.741205
Russia,RUS,2015,28.840696
Russia,RUS,2016,48.720097
Russia,RUS,2017,39.602665
Russia,RUS,2018,34.76174
Russia,RUS,2019,46.749302
Russia,RUS,2020,46.530735
Russia,RUS,2021,45.668526
Russia,RUS,2022,23.393534
Rwanda,RWA,2018,35.551815
Rwanda,RWA,2019,31.057365
Rwanda,RWA,2020,34.337692
Rwanda,RWA,2021,32.274456
Rwanda,RWA,2022,25.868341
Saudi Arabia,SAU,2009,74.27995
Saudi Arabia,SAU,2010,66.90738
Saudi Arabia,SAU,2011,50.082165
Saudi Arabia,SAU,2012,50.33023
Saudi Arabia,SAU,2013,61.99599
Saudi Arabia,SAU,2014,63.020065
Saudi Arabia,SAU,2015,62.8932
Saudi Arabia,SAU,2016,67.39205
Saudi Arabia,SAU,2017,63.13038
Saudi Arabia,SAU,2018,58.630135
Saudi Arabia,SAU,2019,287.01654
Saudi Arabia,SAU,2020,330.81815
Saudi Arabia,SAU,2021,305.58972
Saudi Arabia,SAU,2022,238.01723
Serbia,SRB,2003,6.0466976
Serbia,SRB,2004,12.14313
Serbia,SRB,2005,24.693113
Serbia,SRB,2006,47.639896
Serbia,SRB,2007,65.948006
Serbia,SRB,2008,28.28244
Serbia,SRB,2009,30.43891
Serbia,SRB,2010,9.551406
Serbia,SRB,2011,7.9131575
Seychelles,SYC,2018,15.902471
Seychelles,SYC,2019,60.820145
Seychelles,SYC,2020,88.56884
Seychelles,SYC,2021,81.39465
Seychelles,SYC,2022,59.079136
Singapore,SGP,1979,146.38963
Singapore,SGP,1980,205.25708
Singapore,SGP,1981,245.55264
Singapore,SGP,1982,72.94439
Singapore,SGP,1983,87.298935
Singapore,SGP,1984,62.00965
Singapore,SGP,1985,57.78321
Singapore,SGP,1986,89.41856
Singapore,SGP,1987,85.456406
Singapore,SGP,1988,94.64086
Singapore,SGP,1989,117.91918
Singapore,SGP,1990,94.81015
Singapore,SGP,1991,104.67872
Singapore,SGP,1992,93.86603
Singapore,SGP,1993,218.91008
Singapore,SGP,1994,181.96611
Singapore,SGP,1995,168.54567
Singapore,SGP,1996,155.81966
Singapore,SGP,1997,104.30886
Singapore,SGP,1998,110.79978
Singapore,SGP,1999,223.65308
Singapore,SGP,2000,159.06735
Singapore,SGP,2001,128.83809
Singapore,SGP,2002,109.66856
Singapore,SGP,2003,152.08205
Singapore,SGP,2004,189.07117
Singapore,SGP,2005,201.34895
Singapore,SGP,2006,258.55707
Singapore,SGP,2007,297.9836
Singapore,SGP,2008,136.85469
Singapore,SGP,2009,247.87329
Singapore,SGP,2010,269.89362
Singapore,SGP,2011,214.16101
Singapore,SGP,2012,259.2668
Singapore,SGP,2013,242.0255
Singapore,SGP,2014,239.09752
Singapore,SGP,2015,207.77887
Singapore,SGP,2016,200.72704
Singapore,SGP,2017,229.34856
Singapore,SGP,2018,182.34824
Singapore,SGP,2019,185.00087
Singapore,SGP,2020,186.7343
Singapore,SGP,2021,152.8152
Singapore,SGP,2022,124.25142
Slovakia,SVK,1993,15.688817
Slovakia,SVK,1994,14.371304
Slovakia,SVK,1995,4.590905
Slovakia,SVK,1996,4.29023
Slovakia,SVK,1997,4.883204
Slovakia,SVK,1998,2.1699877
Slovakia,SVK,1999,1.5082827
Slovakia,SVK,2000,1.4929631
Slovakia,SVK,2001,1.7688223
Slovakia,SVK,2002,2.6294944
Slovakia,SVK,2003,2.777664
Slovakia,SVK,2004,4.210504
Slovakia,SVK,2005,3.9297175
Slovakia,SVK,2006,8.242106
Slovakia,SVK,2007,7.981291
Slovakia,SVK,2008,5.3367815
Slovakia,SVK,2009,5.699183
Slovakia,SVK,2010,4.5733633
Slovakia,SVK,2011,5.4468827
Slovakia,SVK,2012,5.697899
Slovakia,SVK,2013,5.66461
Slovakia,SVK,2014,5.2864
Slovenia,SVN,1997,9.048734
Slovenia,SVN,1998,13.531798
Slovenia,SVN,1999,12.622918
Slovenia,SVN,2000,15.375865
Slovenia,SVN,2001,16.746393
Slovenia,SVN,2002,24.02756
Slovenia,SVN,2003,24.298332
Slovenia,SVN,2004,28.330757
Slovenia,SVN,2005,21.97311
Slovenia,SVN,2006,38.669403
Slovenia,SVN,2007,60.27498
Slovenia,SVN,2008,21.256588
Slovenia,SVN,2009,24.293724
Slovenia,SVN,2010,19.727423
Slovenia,SVN,2011,12.35539
Slovenia,SVN,2012,14.024828
Slovenia,SVN,2013,14.892142
Slovenia,SVN,2014,15.186188
Slovenia,SVN,2015,14.130333
Slovenia,SVN,2016,11.881573
Slovenia,SVN,2017,13.121329
Slovenia,SVN,2018,13.53445
Slovenia,SVN,2019,14.697294
Slovenia,SVN,2020,15.825771
Slovenia,SVN,2021,17.510477
Slovenia,SVN,2022,13.635213
South Africa,ZAF,1975,56.169838
South Africa,ZAF,1976,47.87458
South Africa,ZAF,1977,53.09284
South Africa,ZAF,1978,59.96195
South Africa,ZAF,1979,70.535065
South Africa,ZAF,1980,62.441345
South Africa,ZAF,1981,80.36835
South Africa,ZAF,1982,90.62203
South Africa,ZAF,1983,86.02144
South Africa,ZAF,1984,62.9059
South Africa,ZAF,1985,86.0029
South Africa,ZAF,1986,139.93886
South Africa,ZAF,1987,143.7689
South Africa,ZAF,1988,121.36279
South Africa,ZAF,1989,134.59558
South Africa,ZAF,1990,108.58448
South Africa,ZAF,1991,136.61217
South Africa,ZAF,1992,111.62908
South Africa,ZAF,1993,147.49
South Africa,ZAF,1994,169.05663
South Africa,ZAF,1995,161.52087
South Africa,ZAF,1996,147.98987
South Africa,ZAF,1997,136.13594
South Africa,ZAF,1998,110.166214
South Africa,ZAF,1999,171.42592
South Africa,ZAF,2000,134.6274
South Africa,ZAF,2001,108.8914
South Africa,ZAF,2002,140.98833
South Africa,ZAF,2003,132.34679
South Africa,ZAF,2004,172.98973
South Africa,ZAF,2005,190.16014
South Africa,ZAF,2006,234.06682
South Africa,ZAF,2007,248.64671
South Africa,ZAF,2008,152.68973
South Africa,ZAF,2009,242.30899
South Africa,ZAF,2010,221.63089
South Africa,ZAF,2011,172.20384
South Africa,ZAF,2012,208.95996
South Africa,ZAF,2013,235.1821
South Africa,ZAF,2014,244.99829
South Africa,ZAF,2015,212.26547
South Africa,ZAF,2016,293.9935
South Africa,ZAF,2017,322.71097
South Africa,ZAF,2018,213.5237
South Africa,ZAF,2019,271.32288
South Africa,ZAF,2020,311.12646
South Africa,ZAF,2021,271.57022
South Africa,ZAF,2022,287.9554
South Asia (WB),,2000,36.94265
South Asia (WB),,2001,23.912073
South Asia (WB),,2002,32.20031
South Asia (WB),,2003,49.74701
South Asia (WB),,2004,53.9188
South Asia (WB),,2005,64.09562
South Asia (WB),,2006,79.1707
South Asia (WB),,2007,135.36537
South Asia (WB),,2008,54.16996
South Asia (WB),,2009,85.41645
South Asia (WB),,2010,90.99679
South Asia (WB),,2011,59.746826
South Asia (WB),,2012,74.14791
South Asia (WB),,2013,64.06945
South Asia (WB),,2014,77.52448
South Asia (WB),,2015,76.82691
South Asia (WB),,2016,69.31164
South Asia (WB),,2017,87.54909
South Asia (WB),,2018,69.95222
South Asia (WB),,2019,67.21666
South Asia (WB),,2020,80.13536
South Asia (WB),,2021,93.946304
South Asia (WB),,2022,86.465004
South Korea,KOR,1979,8.053128
South Korea,KOR,1980,5.8545184
South Korea,KOR,1981,5.791945
South Korea,KOR,1982,5.6250753
South Korea,KOR,1983,4.998601
South Korea,KOR,1984,6.381225
South Korea,KOR,1985,7.2863755
South Korea,KOR,1986,11.917628
South Korea,KOR,1987,22.32744
South Korea,KOR,1988,47.27076
South Korea,KOR,1989,56.8948
South Korea,KOR,1990,38.92532
South Korea,KOR,1991,29.174917
South Korea,KOR,1992,30.282295
South Korea,KOR,1993,35.54776
South Korea,KOR,1994,41.365383
South Korea,KOR,1995,32.114517
South Korea,KOR,1996,22.800585
South Korea,KOR,1997,7.350766
South Korea,KOR,1998,29.894024
South Korea,KOR,1999,61.531437
South Korea,KOR,2000,29.723783
South Korea,KOR,2001,42.71302
South Korea,KOR,2002,39.96939
South Korea,KOR,2003,46.8835
South Korea,KOR,2004,54.001358
South Korea,KOR,2005,76.80071
South Korea,KOR,2006,79.22435
South Korea,KOR,2007,95.73536
South Korea,KOR,2008,44.951794
South Korea,KOR,2009,88.41613
South Korea,KOR,2010,95.47416
South Korea,KOR,2011,79.482025
South Korea,KOR,2012,92.28298
South Korea,KOR,2013,90.07142
South Korea,KOR,2014,81.69544
South Korea,KOR,2015,83.981384
South Korea,KOR,2016,83.65394
South Korea,KOR,2017,109.16124
South Korea,KOR,2018,81.93684
South Korea,KOR,2019,89.91278
South Korea,KOR,2020,132.34644
South Korea,KOR,2021,122.0094
South Korea,KOR,2022,98.2431
Spain,ESP,1975,28.946224
Spain,ESP,1976,20.266413
Spain,ESP,1978,11.1791525
Spain,ESP,1979,8.108785
Spain,ESP,1980,7.1215606
Spain,ESP,1981,8.22937
Spain,ESP,1982,5.702198
Spain,ESP,1983,6.3575068
Spain,ESP,1984,7.694076
Spain,ESP,1985,10.7985735
Spain,ESP,1986,19.481468
Spain,ESP,1987,22.318914
Spain,ESP,1988,24.183556
Spain,ESP,1989,29.59316
Spain,ESP,1990,20.785921
Spain,ESP,1991,25.629457
Spain,ESP,1992,18.434652
Spain,ESP,1993,22.616291
Spain,ESP,1994,29.23216
Spain,ESP,1995,31.028954
Spain,ESP,1996,37.52863
Spain,ESP,1997,49.239162
Spain,ESP,1998,64.997925
Spain,ESP,1999,67.923004
Spain,ESP,2000,84.303116
Spain,ESP,2001,74.57855
Spain,ESP,2002,65.10573
Spain,ESP,2003,79.98599
Spain,ESP,2004,87.927376
Spain,ESP,2005,83.13306
Spain,ESP,2006,104.83962
Spain,ESP,2007,121.87835
Spain,ESP,2008,57.963654
Spain,ESP,2009,95.854095
Spain,ESP,2010,82.047195
Spain,ESP,2011,69.306885
Spain,ESP,2012,74.76276
Spain,ESP,2013,81.96827
Spain,ESP,2014,71.937515
Spain,ESP,2015,65.26408
Spain,ESP,2016,56.68081
Spain,ESP,2017,67.24682
Spain,ESP,2018,50.549686
Spain,ESP,2019,56.807117
Spain,ESP,2020,58.86061
Spain,ESP,2021,53.081425
Spain,ESP,2022,46.007504
Sri Lanka,LKA,1999,10.117507
Sri Lanka,LKA,2000,6.5773816
Sri Lanka,LKA,2001,8.454291
Sri Lanka,LKA,2002,10.161802
Sri Lanka,LKA,2003,14.358138
Sri Lanka,LKA,2004,17.698708
Sri Lanka,LKA,2005,23.43702
Sri Lanka,LKA,2006,27.471373
Sri Lanka,LKA,2007,23.348112
Sri Lanka,LKA,2008,10.527014
Sri Lanka,LKA,2009,22.694359
Sri Lanka,LKA,2010,33.978794
Sri Lanka,LKA,2011,28.687893
Sri Lanka,LKA,2012,24.09465
Sri Lanka,LKA,2013,24.423908
Sri Lanka,LKA,2014,28.675076
Sri Lanka,LKA,2015,24.434904
Sri Lanka,LKA,2016,21.222918
Sri Lanka,LKA,2017,20.089294
Sri Lanka,LKA,2018,16.482573
Sri Lanka,LKA,2019,17.660557
Sri Lanka,LKA,2020,18.957409
Sri Lanka,LKA,2021,30.535048
Sri Lanka,LKA,2022,14.293936
Sub-Saharan Africa (WB),,1993,91.46906
Sub-Saharan Africa (WB),,1994,98.76615
Sub-Saharan Africa (WB),,1995,80.56656
Sub-Saharan Africa (WB),,1996,64.00925
Sub-Saharan Africa (WB),,1997,60.058872
Sub-Saharan Africa (WB),,1998,43.098003
Sub-Saharan Africa (WB),,1999,98.40771
Sub-Saharan Africa (WB),,2004,101.42663
Sub-Saharan Africa (WB),,2006,119.0953
Sweden,SWE,1975,2.6581025
Sweden,SWE,1976,2.9137137
Sweden,SWE,1977,8.057573
Sweden,SWE,1978,9.803961
Sweden,SWE,1979,8.665045
Sweden,SWE,1980,9.098541
Sweden,SWE,1981,13.293982
Sweden,SWE,1982,16.282082
Sweden,SWE,1983,28.84228
Sweden,SWE,1984,23.544634
Sweden,SWE,1985,32.727192
Sweden,SWE,1986,42.157585
Sweden,SWE,1987,38.510864
Sweden,SWE,1988,48.22472
Sweden,SWE,1989,54.78847
Sweden,SWE,1990,35.191376
Sweden,SWE,1991,35.443035
Sweden,SWE,1992,27.501205
Sweden,SWE,1993,47.266174
Sweden,SWE,1994,52.14653
Sweden,SWE,1995,64.6128
Sweden,SWE,1996,82.33611
Sweden,SWE,1997,98.67966
Sweden,SWE,1998,102.88592
Sweden,SWE,1999,136.0736
Sweden,SWE,2000,124.888756
Sweden,SWE,2001,97.532005
Sweden,SWE,2002,66.991486
Sweden,SWE,2003,86.770325
Switzerland,CHE,1975,25.157394
Switzerland,CHE,1976,30.521263
Switzerland,CHE,1977,40.825577
Switzerland,CHE,1978,37.203808
Switzerland,CHE,1979,37.896427
Switzerland,CHE,1980,34.865936
Switzerland,CHE,1981,34.16386
Switzerland,CHE,1982,33.679127
Switzerland,CHE,1983,38.453716
Switzerland,CHE,1984,36.61528
Switzerland,CHE,1985,75.78369
Switzerland,CHE,1986,80.86507
Switzerland,CHE,1987,65.101585
Switzerland,CHE,1988,65.1116
Switzerland,CHE,1989,82.1389
Switzerland,CHE,1990,59.31384
Switzerland,CHE,1991,70.53786
Switzerland,CHE,1992,69.3545
Switzerland,CHE,1993,99.50106
Switzerland,CHE,1994,94.55888
Switzerland,CHE,1995,112.829254
Switzerland,CHE,1996,117.6948
Switzerland,CHE,1997,195.17043
Switzerland,CHE,1998,227.11441
Switzerland,CHE,1999,227.69118
Switzerland,CHE,2000,283.7645
Switzerland,CHE,2001,184.01527
Switzerland,CHE,2002,198.08093
Switzerland,CHE,2003,200.81548
Switzerland,CHE,2004,205.26656
Switzerland,CHE,2005,224.41588
Switzerland,CHE,2006,274.55597
Switzerland,CHE,2007,259.74136
Switzerland,CHE,2008,155.18852
Switzerland,CHE,2009,192.10785
Switzerland,CHE,2010,205.28587
Switzerland,CHE,2011,152.19128
Switzerland,CHE,2012,179.69153
Switzerland,CHE,2013,218.15685
Switzerland,CHE,2014,205.81367
Switzerland,CHE,2015,218.8854
Switzerland,CHE,2016,204.00711
Switzerland,CHE,2017,242.59135
Switzerland,CHE,2018,198.62495
Switzerland,CHE,2019,254.3016
Switzerland,CHE,2020,269.75803
Switzerland,CHE,2021,286.16693
Switzerland,CHE,2022,223.66388
Tanzania,TZA,1999,1.3490672
Tanzania,TZA,2000,1.73111
Tanzania,TZA,2001,2.934977
Tanzania,TZA,2019,6.4007688
Tanzania,TZA,2020,9.810964
Tanzania,TZA,2021,9.677785
Tanzania,TZA,2022,8.838422
Thailand,THA,1989,31.95131
Thailand,THA,1990,23.966341
Thailand,THA,1991,38.753204
Thailand,THA,1992,51.392452
Thailand,THA,1993,99.40227
Thailand,THA,1994,86.64907
Thailand,THA,1995,82.86778
Thailand,THA,1996,52.829887
Thailand,THA,1997,15.23914
Thailand,THA,1998,30.131735
Thailand,THA,1999,45.138474
Thailand,THA,2000,23.116453
Thailand,THA,2001,29.87883
Thailand,THA,2002,33.882393
Thailand,THA,2003,78.1565
Thailand,THA,2004,66.73988
Thailand,THA,2005,65.437355
Thailand,THA,2006,63.204525
Thailand,THA,2007,74.97048
Thailand,THA,2008,35.392677
Thailand,THA,2009,62.814835
Thailand,THA,2010,81.42124
Thailand,THA,2011,72.40433
Thailand,THA,2012,98.03752
Thailand,THA,2013,84.306114
Thailand,THA,2014,105.6679
Thailand,THA,2015,86.91784
Thailand,THA,2016,104.7391
Thailand,THA,2017,120.255775
Thailand,THA,2018,98.81339
Thailand,THA,2019,104.642044
Thailand,THA,2020,108.53266
Thailand,THA,2021,118.30136
Thailand,THA,2022,121.93299
Trinidad and Tobago,TTO,2000,41.92233
Trinidad and Tobago,TTO,2001,44.069874
Tunisia,TUN,1995,22.340899
Tunisia,TUN,1996,19.20656
Tunisia,TUN,1997,10.783271
Tunisia,TUN,1998,9.966017
Tunisia,TUN,2010,23.05261
Tunisia,TUN,2011,20.077518
Tunisia,TUN,2013,17.665485
Tunisia,TUN,2014,17.392986
Tunisia,TUN,2015,19.264652
Tunisia,TUN,2016,19.049112
Tunisia,TUN,2017,21.161867
Tunisia,TUN,2018,19.512
Tunisia,TUN,2019,20.291372
Tunisia,TUN,2020,20.17263
Tunisia,TUN,2021,17.260403
Tunisia,TUN,2022,17.393185
Turkey,TUR,1993,20.29351
Turkey,TUR,1994,16.536537
Turkey,TUR,1995,12.26776
Turkey,TUR,1996,16.70399
Turkey,TUR,1997,32.175873
Turkey,TUR,1998,12.192994
Turkey,TUR,1999,43.96163
Turkey,TUR,2000,25.414614
Turkey,TUR,2001,23.983763
Turkey,TUR,2002,15.002751
Turkey,TUR,2003,21.735525
Turkey,TUR,2004,24.04165
Turkey,TUR,2005,31.600346
Turkey,TUR,2006,28.878477
Turkey,TUR,2007,41.761635
Turkey,TUR,2008,15.261793
Turkey,TUR,2009,35.68154
Turkey,TUR,2010,38.92611
Turkey,TUR,2011,23.495222
Turkey,TUR,2012,35.795288
Turkey,TUR,2013,20.437012
Turkey,TUR,2014,23.405523
Turkey,TUR,2015,21.851078
Turkey,TUR,2016,19.750296
Turkey,TUR,2017,26.486015
Turkey,TUR,2018,19.161606
Turkey,TUR,2019,24.30547
Turkey,TUR,2020,32.96695
Turkey,TUR,2021,16.880243
Turkey,TUR,2022,36.380146
Ukraine,UKR,2010,27.545944
Ukraine,UKR,2011,15.14999
Ukraine,UKR,2013,11.574388
Ukraine,UKR,2014,9.172993
Ukraine,UKR,2015,6.2831254
Ukraine,UKR,2016,4.7702303
Ukraine,UKR,2017,4.637324
Ukraine,UKR,2018,3.3733695
United Arab Emirates,ARE,2007,48.932583
United Arab Emirates,ARE,2008,34.02944
United Arab Emirates,ARE,2009,54.523922
United Arab Emirates,ARE,2010,43.80265
United Arab Emirates,ARE,2011,25.975096
United Arab Emirates,ARE,2012,26.34562
United Arab Emirates,ARE,2013,45.056583
United Arab Emirates,ARE,2014,48.683002
United Arab Emirates,ARE,2015,52.899563
United Arab Emirates,ARE,2016,57.741283
United Arab Emirates,ARE,2017,59.43506
United Arab Emirates,ARE,2018,54.180492
United Arab Emirates,ARE,2019,59.049007
United Arab Emirates,ARE,2020,84.36472
United Arab Emirates,ARE,2021,133.69215
United Arab Emirates,ARE,2022,173.76303
United Kingdom,GBR,1975,35.491844
United Kingdom,GBR,1976,29.962275
United Kingdom,GBR,1977,43.891827
United Kingdom,GBR,1978,38.533615
United Kingdom,GBR,1979,6.855621
United Kingdom,GBR,1980,6.3679714
United Kingdom,GBR,1981,35.054565
United Kingdom,GBR,1982,38.103413
United Kingdom,GBR,1983,46.125134
United Kingdom,GBR,1984,51.226433
United Kingdom,GBR,1985,72.243225
United Kingdom,GBR,1986,78.625694
United Kingdom,GBR,1987,91.216545
United Kingdom,GBR,1988,78.17925
United Kingdom,GBR,1989,87.855644
United Kingdom,GBR,1990,77.741646
United Kingdom,GBR,1991,86.62236
United Kingdom,GBR,1992,80.94561
United Kingdom,GBR,1993,108.37532
United Kingdom,GBR,1994,100.24902
United Kingdom,GBR,1995,98.93592
United Kingdom,GBR,1996,120.53908
United Kingdom,GBR,1997,132.50243
United Kingdom,GBR,1998,138.94043
United Kingdom,GBR,1999,175.06589
United Kingdom,GBR,2000,154.72455
United Kingdom,GBR,2001,130.28642
United Kingdom,GBR,2002,103.94598
United Kingdom,GBR,2003,118.078026
United Kingdom,GBR,2004,116.28738
United Kingdom,GBR,2005,120.250336
United Kingdom,GBR,2006,139.61382
United Kingdom,GBR,2007,124.46042
United Kingdom,GBR,2008,63.77229
United Kingdom,GBR,2009,115.89845
United Kingdom,GBR,2010,108.10298
United Kingdom,GBR,2011,110.077126
United Kingdom,GBR,2012,121.593315
United Kingdom,GBR,2013,141.72684
United Kingdom,GBR,2014,116.51659
United Kingdom,GBR,2021,120.87396
United Kingdom,GBR,2022,99.420074
United States,USA,1975,41.770927
United States,USA,1976,47.13859
United States,USA,1977,40.07242
United States,USA,1978,36.65425
United States,USA,1979,37.81747
United States,USA,1980,47.590187
United States,USA,1981,39.399582
United States,USA,1982,43.569294
United States,USA,1983,49.780285
United States,USA,1984,39.680862
United States,USA,1985,53.027634
United States,USA,1986,55.41805
United States,USA,1987,52.145325
United States,USA,1988,53.08839
United States,USA,1989,59.951885
United States,USA,1990,51.876133
United States,USA,1991,67.54641
United States,USA,1992,69.71804
United States,USA,1993,76.56243
United States,USA,1994,70.50327
United States,USA,1995,90.99809
United States,USA,1996,105.04607
United States,USA,1997,125.561966
United States,USA,1998,142.589
United States,USA,1999,153.4329
United States,USA,2000,147.379
United States,USA,2001,132.14667
United States,USA,2002,101.14668
United States,USA,2003,124.52606
United States,USA,2004,133.6127
United States,USA,2005,130.38275
United States,USA,2006,141.64421
United States,USA,2007,137.63966
United States,USA,2008,78.47249
United States,USA,2009,104.1388
United States,USA,2010,114.84806
United States,USA,2011,100.262665
United States,USA,2012,114.85399
United States,USA,2013,142.38081
United States,USA,2014,149.53648
United States,USA,2015,137.01839
United States,USA,2016,145.45242
United States,USA,2017,163.78001
United States,USA,2018,147.34485
United States,USA,2019,158.24399
United States,USA,2020,194.66919
United States,USA,2021,205.00903
United States,USA,2022,154.95116
Upper-middle-income countries,,2003,36.0324
Upper-middle-income countries,,2004,37.3928
Upper-middle-income countries,,2005,37.4727
Upper-middle-income countries,,2006,51.122734
Upper-middle-income countries,,2007,91.468155
Upper-middle-income countries,,2008,34.69395
Upper-middle-income countries,,2009,65.68968
Upper-middle-income countries,,2010,63.770473
Upper-middle-income countries,,2011,45.641754
Upper-middle-income countries,,2012,48.742733
Upper-middle-income countries,,2013,45.75085
Upper-middle-income countries,,2014,52.34737
Upper-middle-income countries,,2015,60.37487
Upper-middle-income countries,,2016,58.7925
Upper-middle-income countries,,2017,65.21123
Upper-middle-income countries,,2018,47.183453
Upper-middle-income countries,,2019,61.080776
Upper-middle-income countries,,2020,84.14668
Upper-middle-income countries,,2021,78.51323
Upper-middle-income countries,,2022,65.70216
Uruguay,URY,1995,6.7388473
Uruguay,URY,1996,1.3833472
Uzbekistan,UZB,2020,7.8714223
Uzbekistan,UZB,2021,6.715808
Venezuela,VEN,1993,12.993054
Venezuela,VEN,1994,8.435489
Venezuela,VEN,1995,5.5370054
Venezuela,VEN,1996,14.265668
Venezuela,VEN,1997,16.986235
Venezuela,VEN,1998,8.299418
Venezuela,VEN,1999,7.6079755
Venezuela,VEN,2000,6.914421
Venezuela,VEN,2001,5.0571537
Venezuela,VEN,2002,4.284042
Vietnam,VNM,2008,12.474329
Vietnam,VNM,2009,31.417448
Vietnam,VNM,2010,25.037157
Vietnam,VNM,2011,15.041926
Vietnam,VNM,2012,18.766565
Vietnam,VNM,2013,21.116316
Vietnam,VNM,2014,22.45721
Vietnam,VNM,2015,24.548374
Vietnam,VNM,2016,28.480488
Vietnam,VNM,2017,44.53827
Vietnam,VNM,2018,42.776596
Vietnam,VNM,2019,44.806473
Vietnam,VNM,2020,53.664192
Vietnam,VNM,2021,76.07456
Vietnam,VNM,2022,41.467777
World,OWID_WRL,1975,27.081726
World,OWID_WRL,1976,30.643297
World,OWID_WRL,1977,25.960157
World,OWID_WRL,1978,23.11947
World,OWID_WRL,1979,25.416813
World,OWID_WRL,1980,29.422415
World,OWID_WRL,1981,27.450985
World,OWID_WRL,1982,30.79101
World,OWID_WRL,1983,36.63203
World,OWID_WRL,1984,34.416477
World,OWID_WRL,1985,46.75675
World,OWID_WRL,1986,53.21614
World,OWID_WRL,1987,55.225918
World,OWID_WRL,1988,59.57157
World,OWID_WRL,1989,68.8808
World,OWID_WRL,1990,50.46364
World,OWID_WRL,1991,56.438007
World,OWID_WRL,1992,49.939175
World,OWID_WRL,1993,61.307026
World,OWID_WRL,1994,60.346535
World,OWID_WRL,1995,63.45184
World,OWID_WRL,1996,71.48018
World,OWID_WRL,1997,79.865074
World,OWID_WRL,1998,88.598976
World,OWID_WRL,1999,114.51144
World,OWID_WRL,2000,100.47089
World,OWID_WRL,2001,87.87058
World,OWID_WRL,2002,72.2291
World,OWID_WRL,2003,84.46349
World,OWID_WRL,2004,88.69988
World,OWID_WRL,2005,92.04105
World,OWID_WRL,2006,105.46468
World,OWID_WRL,2007,113.30288
World,OWID_WRL,2008,55.765747
World,OWID_WRL,2009,83.222565
World,OWID_WRL,2010,86.68059
World,OWID_WRL,2011,68.23517
World,OWID_WRL,2012,77.83823
World,OWID_WRL,2013,88.343834
World,OWID_WRL,2014,89.66813
World,OWID_WRL,2015,93.910034
World,OWID_WRL,2016,96.314095
World,OWID_WRL,2017,110.223274
World,OWID_WRL,2018,90.337204
World,OWID_WRL,2019,107.44649
World,OWID_WRL,2020,132.63708
World,OWID_WRL,2021,130.8614
World,OWID_WRL,2022,105.689
Zambia,ZMB,1995,11.241448
Zambia,ZMB,1996,6.0338244
Zambia,ZMB,1997,11.660152
Zambia,ZMB,1998,8.079448
Zambia,ZMB,1999,8.035168
Zambia,ZMB,2001,7.327007
Zambia,ZMB,2003,15.415546
Zambia,ZMB,2004,26.522276
Zambia,ZMB,2005,30.205944
Zambia,ZMB,2006,23.144882
Zambia,ZMB,2011,13.574322
Zambia,ZMB,2020,14.976983
Zambia,ZMB,2021,18.259838
Zambia,ZMB,2022,13.843301
Zimbabwe,ZWE,1993,21.906473
Zimbabwe,ZWE,1994,24.454788
Zimbabwe,ZWE,1995,29.95386
Zimbabwe,ZWE,1996,42.4763
Zimbabwe,ZWE,1997,22.617313
Zimbabwe,ZWE,1998,14.934314
Zimbabwe,ZWE,1999,35.88051